house_id,total_gas_usage,Block,hours_of_sunlight_per_year,sq_ft_available_for_solar_panels
ac2f7c77,0.0,22,1359,0
7407e44b,0.0,28,1156,0
8c46fac9,0.0,28,0,0
efd90c76,0.0,23,1279,0
4ca0c4ec,0.0,26,1270,0
6e369e62,0.0,26,1226,0
cdaaab25,0.0,29,1140,0
314fdb11,0.0,29,1493,1956
314fdb11,0.0,29,0,0
50ee1f40,0.0,36,1133,0
d5916302,0.0,17,973,0
e48445a5,0.0,15,1133,0
50d1ca84,0.0,15,1297,0
3d870d2d,0.0,17,1150,0
c296901c,0.0,17,0,0
c296901c,0.0,17,0,0
1bc7dca4,0.0,33,1392,0
bfeec959,0.0,33,1157,0
c6ba88aa,0.0,18,979,0
e06f63d8,0.0,18,1190,0
9cad1cfb,0.0,18,1121,0
4e4e3620,0.0,18,1088,0
f2a9bc79,0.0,18,1147,0
c4f30eeb,0.0,28,1226,0
3df911e8,0.0,28,1135,0
db3a3c07,0.0,19,1096,0
136cad8d,0.0,19,1096,0
54df8e88,0.0,19,1004,0
f2edc9bb,0.0,19,1135,0
fd612a67,0.0,19,1083,0
6680db42,0.0,29,1107,0
8c56d780,0.0,29,1059,0
e35ae366,0.0,27,1263,0
caf31495,0.0,3,0,0
571af134,0.0,3,0,0
e912d342,0.0,3,0,0
e0038fe5,0.0,19,1169,0
47a5aa18,0.0,32,0,0
47a5aa18,0.0,32,0,0
47a5aa18,0.0,32,0,0
9b41e5eb,7129.4400000000005,28,1258,1920
9b41e5eb,7129.4400000000005,28,0,0
8d0114e9,0.0,28,1114,0
1321f878,0.0,2,1406,46777
1321f878,0.0,2,0,0
ef660a48,30721.800000000003,29,1397,25089
ef660a48,30721.800000000003,29,0,0
05e7052a,0.0,30,1182,0
b37dab6a,0.0,32,0,0
b37dab6a,0.0,32,0,0
32c70da1,0.0,19,1440,2519
32c70da1,0.0,19,0,0
fc8cb7e3,0.0,7,0,0
fc8cb7e3,0.0,7,0,0
fc8cb7e3,0.0,7,0,0
fc8cb7e3,0.0,7,0,0
fc8cb7e3,0.0,7,0,0
fc8cb7e3,0.0,7,0,0
fc8cb7e3,0.0,7,0,0
fc8cb7e3,0.0,7,0,0
ad17ec75,0.0,31,1230,0
9b79274a,0.0,31,944,0
8aa67b90,0.0,31,1147,0
14f1467f,0.0,31,1111,0
5e15e87d,0.0,19,1162,0
1a96a7fd,0.0,19,990,0
77e5c68b,0.0,19,1481,3154
77e5c68b,0.0,19,0,0
7edbe29c,0.0,35,1168,0
67741535,0.0,17,1243,0
67741535,0.0,17,0,0
67741535,0.0,17,0,0
67741535,0.0,17,0,0
67741535,0.0,17,0,0
67741535,0.0,17,0,0
e016da5f,0.0,35,1297,0
d5827bf8,0.0,35,1201,0
1e39428e,132840.0,35,1370,12897
1e39428e,132840.0,35,0,0
13e70e11,0.0,18,1110,0
44919fb4,0.0,30,1181,0
4403e20e,0.0,30,1113,0
45e4f977,0.0,29,1153,0
845c3aa6,0.0,28,986,0
73c49b90,0.0,28,1045,0
111137ef,0.0,27,1251,0
7de0873b,0.0,25,969,0
82e577e5,0.0,25,1095,0
08fb36f2,0.0,29,1068,0
5c40e192,0.0,29,1068,0
4c491877,0.0,29,898,0
80ba20f1,0.0,15,1302,0
3710296d,0.0,28,1074,0
f3fa4371,0.0,28,1067,0
d666408b,0.0,29,1274,0
3bd293e6,0.0,29,1232,0
f28656c7,0.0,19,1115,0
e14301b8,0.0,19,1071,0
a6d4e122,0.0,19,1162,0
79ee847d,0.0,32,1057,0
6f24c9c4,0.0,30,1204,0
bf08a5e6,0.0,19,1147,0
4a0957b5,0.0,19,994,0
756bf6b6,0.0,28,1183,0
05a1fb78,0.0,18,1464,810
05a1fb78,0.0,18,0,0
31278cd3,0.0,18,1123,0
9cf87808,0.0,7,1434,40452
9cf87808,0.0,7,0,0
9cf87808,0.0,7,0,0
9cf87808,0.0,7,0,0
9cf87808,0.0,7,0,0
9cf87808,0.0,7,0,0
9cf87808,0.0,7,0,0
41899b94,0.0,27,1241,0
2cab7708,0.0,34,1219,0
8d16f878,0.0,17,1075,0
4b088f87,0.0,17,1087,0
c7c82054,0.0,17,1087,0
90d414ce,0.0,17,1094,0
74ff89ed,210912.0,30,1373,2290
74ff89ed,210912.0,30,0,0
445fb47f,0.0,35,1199,0
c62c0d9b,0.0,30,1238,0
74025a1d,0.0,35,1329,0
ab9ceadc,0.0,33,1341,0
030a3588,0.0,17,0,0
5e731e0f,0.0,19,1184,0
0124d46a,0.0,19,1191,0
692bdb31,0.0,33,1243,0
72674600,0.0,28,1114,0
770ea336,0.0,31,1269,0
a17b45f1,0.0,36,1305,0
ac09d96c,0.0,17,1205,0
bdea7ff6,0.0,17,1082,0
fe2e1097,0.0,17,911,0
58ef8319,0.0,17,0,0
af218660,0.0,30,862,0
75680ab2,0.0,34,1370,3207
75680ab2,0.0,34,0,0
75680ab2,0.0,34,0,0
ede757a1,0.0,28,989,0
c6641fae,0.0,19,1235,0
7d3a510d,0.0,28,1166,0
1ef38208,0.0,28,1166,0
d70a13fa,0.0,17,1333,2502
d70a13fa,0.0,17,0,0
3b397a67,0.0,29,1425,1639
3b397a67,0.0,29,0,0
cd094de1,0.0,25,1043,0
20d3c8ee,0.0,25,1269,0
f9d6aba3,0.0,29,1223,0
0133e530,0.0,31,1011,0
74f1d1a5,0.0,31,1226,0
9da10cd5,0.0,18,1174,0
433ef638,0.0,18,1158,0
87907553,0.0,18,1158,0
bbdba13c,0.0,25,0,0
bbdba13c,0.0,25,0,0
cf347ff2,0.0,30,1010,0
aafbc855,0.0,30,1185,0
e49461f5,0.0,30,1258,0
52b70921,0.0,28,1114,0
70d7f74f,0.0,28,1096,0
8ab458fa,0.0,28,999,0
93ab83ed,0.0,28,1096,0
e475da56,0.0,28,999,0
67be02f2,0.0,22,1217,0
80d6ae58,0.0,26,1314,0
e2d3d42a,0.0,22,1270,0
1a509a3a,0.0,28,1156,0
bfc088fa,0.0,32,0,0
76bb5d2c,0.0,32,0,0
ba2b97f5,0.0,28,1145,0
dd6cafc2,0.0,28,0,0
fe150f63,0.0,34,0,0
7ff955f5,0.0,19,1445,0
c71bcd3b,0.0,19,1201,0
d106d111,0.0,2,1511,2220
d106d111,0.0,2,0,0
d106d111,0.0,2,0,0
d106d111,0.0,2,0,0
919cb985,223586.40000000002,3,1494,194
919cb985,223586.40000000002,3,0,0
919cb985,223586.40000000002,3,0,0
6d04e504,0.0,28,1182,0
2fd10ef7,0.0,29,1130,0
0a6a4c29,0.0,29,1139,0
f8e061c7,0.0,29,1179,0
4391414f,0.0,29,1130,0
d02f57eb,0.0,30,1286,0
eb4f6e25,0.0,28,1152,0
0153d020,0.0,36,1361,0
5ba19518,0.0,36,1196,0
bfb63095,0.0,30,1148,0
4e1cbb37,0.0,29,1055,0
16e4c0d5,0.0,29,1213,0
30696c24,0.0,29,1172,0
2f7f277e,0.0,19,1094,0
5e499ef3,0.0,19,1040,0
037427ef,0.0,17,1156,0
7fe477be,0.0,19,1148,0
2186684e,0.0,19,1040,0
5a28facd,0.0,19,1162,0
75cf52bf,0.0,12,1203,0
0741345d,0.0,12,1181,0
a94f1545,0.0,33,1366,0
6318a6c9,0.0,18,1045,0
4e28a11e,0.0,18,1138,0
c597c8c1,0.0,18,1045,0
f5faa0c6,0.0,34,1496,881
f5faa0c6,0.0,34,0,0
b9f335de,0.0,35,1475,0
7e32be23,44862.0,36,1380,11928
7e32be23,44862.0,36,0,0
721e159f,0.0,19,1169,0
389fb08c,0.0,20,1251,0
0ed3f945,0.0,21,1296,0
5ca66d5a,0.0,20,1251,0
54bb33fc,0.0,17,1045,0
c268d529,0.0,31,1218,0
66fa5760,0.0,17,1183,0
5d060bf7,0.0,28,1438,987
5d060bf7,0.0,28,0,0
97f74530,0.0,19,1175,0
587a68ce,0.0,30,1044,0
9bf15a6e,0.0,30,1111,0
85d5786c,0.0,28,1196,0
00b126c1,0.0,33,1302,0
32e1ae5c,0.0,33,1223,0
caa6f88b,0.0,33,1223,0
ff82aa32,0.0,33,1302,0
c3028d6c,0.0,28,0,0
c3028d6c,0.0,28,0,0
c3028d6c,0.0,28,0,0
c3028d6c,0.0,28,0,0
8e23412a,0.0,19,1123,0
db0011ca,0.0,2,1358,1832
db0011ca,0.0,2,0,0
db0011ca,0.0,2,0,0
ffeef2a7,0.0,32,1380,14993
ffeef2a7,0.0,32,0,0
ffeef2a7,0.0,32,0,0
ffeef2a7,0.0,32,0,0
ffeef2a7,0.0,32,0,0
283423dd,0.0,36,1200,0
ea8db165,0.0,19,1197,0
89682b71,0.0,28,1175,0
89682b71,0.0,28,0,0
f67ec69f,0.0,30,1163,0
b58468e0,0.0,17,1090,0
bb6ccfa2,0.0,12,1111,0
07facfbe,0.0,28,1126,0
de65f39d,0.0,28,1042,0
4f519f11,0.0,5,0,0
4f519f11,0.0,5,0,0
941c4027,0.0,5,0,0
941c4027,0.0,5,0,0
941c4027,0.0,5,0,0
f2a4c1ad,0.0,30,1175,0
d649539e,0.0,29,1132,0
ac526f6c,0.0,36,1183,0
9deabb89,0.0,18,1208,0
14f26df3,0.0,30,1256,0
e982896a,0.0,30,1184,0
160c0275,0.0,30,1169,0
7465c382,0.0,30,1169,0
73a937ba,0.0,34,1338,0
bff6f82b,0.0,34,1246,0
cc91177b,0.0,31,1012,0
fc4b3b7a,8105.040000000001,4,1384,16702
fc4b3b7a,8105.040000000001,4,0,0
9c4cdd73,0.0,19,1070,0
4bfabe51,0.0,19,1123,0
bc1128fe,0.0,20,1240,0
176043eb,0.0,15,1349,0
1aa1efc1,0.0,26,1226,0
39a26bcd,0.0,26,1250,0
e079a828,0.0,26,1209,0
118736e8,0.0,26,1209,0
29ed6e91,0.0,25,969,0
3016307b,0.0,25,1155,0
77eb8108,0.0,25,1087,0
61529f49,0.0,25,1048,0
24a29cb2,0.0,25,1133,0
30177437,0.0,29,1133,0
af4452c2,0.0,28,1161,0
4c04ffa4,0.0,7,1468,21124
4c04ffa4,0.0,7,0,0
4c04ffa4,0.0,7,0,0
1b2bad0b,0.0,18,1163,0
a72b16ba,0.0,36,1183,0
409757c3,0.0,31,1257,0
fd75b611,0.0,35,1329,0
60fd832b,0.0,30,1251,0
16e592c5,0.0,17,1141,0
cc3549e0,0.0,17,1162,0
665867b0,0.0,17,1131,0
1b2b2a16,0.0,29,951,0
9c18c5fc,0.0,29,951,0
6d403882,0.0,29,1130,0
a5e10daf,0.0,28,1198,0
23e8a8eb,0.0,28,1166,0
8e736fa3,0.0,17,0,0
1ef9515f,0.0,30,888,0
40e65ef1,0.0,7,1414,6942
40e65ef1,0.0,7,0,0
40e65ef1,0.0,7,0,0
40e65ef1,0.0,7,0,0
40e65ef1,0.0,7,0,0
40e65ef1,0.0,7,0,0
8d8aa716,0.0,19,859,0
5b6acee2,0.0,17,1096,0
e6455805,0.0,36,1303,0
c328ff6f,0.0,13,1194,0
90b39f24,0.0,22,1337,0
e28b1951,0.0,19,1312,0
6486cafa,0.0,19,1312,0
c27cbc54,0.0,17,1241,0
1c4e9e31,0.0,17,1086,0
931b1c28,0.0,18,0,0
ce78ec4d,0.0,17,993,0
186ca894,0.0,18,1162,0
110c8f48,0.0,28,1022,0
464f457c,0.0,28,1186,0
31ef37b8,0.0,28,1148,0
765e7db7,0.0,28,1189,0
5d0f535f,0.0,24,1165,0
72369c88,0.0,24,1143,0
98b7874f,0.0,15,1359,863
98b7874f,0.0,15,0,0
4420dbc7,0.0,19,923,0
dbf96ece,0.0,15,1259,0
f4e4e293,0.0,7,1186,0
0cdbcb66,0.0,26,1217,0
d14c8119,0.0,26,1264,0
16e7f885,0.0,28,0,0
d915261c,10707.599999999999,36,1422,1480
d915261c,10707.599999999999,36,0,0
afdd8bb4,0.0,36,1399,81925
afdd8bb4,0.0,36,0,0
afdd8bb4,0.0,36,0,0
fb231de7,0.0,17,0,0
20cb8cb0,0.0,17,1211,0
3cae5d64,0.0,17,1042,0
583e036f,0.0,17,1132,0
2b1c78b0,0.0,17,1393,1744
2b1c78b0,0.0,17,0,0
cac4ddab,0.0,17,1191,0
4331f5b2,0.0,30,1021,0
522e8738,0.0,31,1160,0
bae91124,0.0,19,1197,0
86b1914d,0.0,28,1173,0
b3e9885a,0.0,28,1276,0
c29392ea,0.0,18,1177,0
cb8405c5,0.0,18,1194,0
0589dc7d,0.0,18,1177,0
1d61e34e,0.0,18,1136,0
985cdbb4,19918.2,5,1395,22093
985cdbb4,19918.2,5,0,0
f0f0fc65,0.0,17,1178,0
19cccc79,0.0,28,1251,0
9fd12341,0.0,28,1251,0
45d1b859,0.0,5,1454,2449
45d1b859,0.0,5,0,0
e00dbc55,0.0,30,1210,0
97325fb1,0.0,30,1179,0
ebe97eaf,0.0,17,1124,0
178206ba,0.0,30,1300,0
fca9c109,0.0,29,1129,0
112c20ea,0.0,29,1124,0
bf09ec81,0.0,29,1085,0
8b1e489c,0.0,32,1164,0
adf5a09e,0.0,28,1109,0
e2386400,0.0,28,1092,0
c22452a7,0.0,29,1144,0
f108e1d0,0.0,29,1110,0
cc6ae118,0.0,35,1323,0
25d78eb3,0.0,35,1243,0
8e122acc,0.0,12,1085,0
f4209ef0,0.0,30,1136,0
ca7640c4,0.0,30,1036,0
96f90a57,0.0,39,0,0
b2ecee35,0.0,29,1243,0
33154964,0.0,17,922,0
ba8a0864,0.0,28,1348,0
ff36b058,0.0,19,1225,0
f69287a6,0.0,24,1159,0
39aff7f5,0.0,17,1262,0
c5306bd6,0.0,18,1204,0
01d9eca7,0.0,2,1327,0
a7b81e56,0.0,29,1291,1480
a7b81e56,0.0,29,0,0
17e47ccb,0.0,17,1242,0
7af6d532,0.0,17,1261,0
570007a4,0.0,17,1189,0
f4c92cdb,0.0,18,1185,0
3895ae53,0.0,18,971,0
7a22b886,0.0,18,1144,0
d5d6b54f,0.0,22,1383,0
2759237f,0.0,9,0,0
4ddd0c32,0.0,18,961,0
eda31676,0.0,19,1175,0
09483362,0.0,27,1135,0
07a789ec,0.0,17,1167,0
1d2bfe0c,0.0,21,1271,0
dc18c025,0.0,19,859,0
c28f8ea0,0.0,29,1003,0
dc62397d,0.0,29,929,0
8528823d,0.0,18,1292,0
729e0887,0.0,30,1156,0
47209cb0,0.0,10,1247,0
d0f335cf,0.0,10,0,0
06d0319f,0.0,28,986,0
f289f90e,0.0,7,1161,0
729b46af,0.0,26,1209,0
92763ab9,0.0,27,1123,0
70bd92c6,0.0,17,1205,0
ff7bf802,0.0,30,1039,0
31c64bf1,0.0,28,1165,0
b742a9ac,0.0,28,1038,0
e469b6ae,0.0,28,1161,0
e94c838b,0.0,28,1038,0
0a32796b,0.0,19,1122,0
a657f335,0.0,19,1103,0
8f242d57,0.0,19,1169,0
c2eda759,0.0,19,1348,0
fbfafb80,0.0,19,1070,0
9adb8c2d,0.0,30,1023,0
8df31c81,0.0,30,1238,0
aff4a00e,0.0,30,1104,0
9bf15223,0.0,30,1039,0
baa1ad24,0.0,29,1033,0
924c6f7b,0.0,17,1255,0
d5f0760f,0.0,17,1138,0
b3793b26,0.0,19,1155,0
3461a56f,0.0,26,1163,0
dc2bc6e1,0.0,26,1196,0
7b94635e,0.0,19,1077,0
1833b22f,0.0,19,1059,0
a3df6173,0.0,36,1177,0
fd5c8d7c,0.0,36,1409,0
fd5c8d7c,0.0,36,0,0
5b42ecf4,0.0,36,1343,0
9a58a814,0.0,36,1353,0
3f5b39f7,0.0,2,1395,9003
3f5b39f7,0.0,2,0,0
3f5b39f7,0.0,2,0,0
9fde9a74,0.0,19,1115,0
f4ccba4e,0.0,28,0,0
f4ccba4e,0.0,28,0,0
a282db5b,0.0,28,0,0
799ed861,0.0,11,0,0
f35a09c9,0.0,11,0,0
8cc257b2,0.0,11,0,0
f178f58a,0.0,11,0,0
cb8e4ef8,0.0,11,0,0
b03b5dc6,0.0,30,1032,0
13b99a9f,0.0,18,1088,0
2077f1a5,0.0,18,964,0
4f0b542f,0.0,18,795,0
b3f8a72b,0.0,18,1063,0
05e9fdcf,0.0,19,1126,0
12baab67,0.0,19,859,0
d98d49a3,0.0,19,1140,0
9aad7c3d,0.0,19,1139,0
d27ddceb,0.0,19,1163,0
879e64ca,0.0,19,884,0
890c7e13,0.0,14,1375,0
0a5052fe,0.0,26,919,0
5318b285,0.0,28,1156,0
5318b285,0.0,28,0,0
e96eed8e,0.0,27,1130,0
5f8c66ff,0.0,27,1005,0
f35106d2,0.0,27,1078,0
2f4ad011,0.0,27,1038,0
a8e6ef1d,0.0,27,1181,0
abcfd6d8,0.0,36,1204,0
1d0fcfdd,0.0,36,1204,0
7b1def76,0.0,28,1096,0
1594e413,0.0,25,1095,0
94e9136f,0.0,24,1199,0
9b6010f0,0.0,30,1176,0
7382f96f,0.0,30,1051,0
f5670aea,0.0,16,1284,0
0857c4c0,0.0,26,1423,0
a40ed2b3,0.0,26,1423,0
94734b5f,0.0,17,1165,0
8ca990de,0.0,31,0,0
ab1dde36,0.0,3,0,0
e3b581f7,0.0,3,0,0
cee7b261,0.0,3,0,0
9da65df0,0.0,12,1234,0
c1f7ef26,0.0,12,1256,0
030bd5b7,0.0,33,1195,0
a1d02571,0.0,32,1120,0
acfe3d8d,0.0,32,1160,0
97dc0374,0.0,7,1432,1339
97dc0374,0.0,7,0,0
97dc0374,0.0,7,0,0
e5e15981,0.0,9,1391,4070
e5e15981,0.0,9,0,0
c93622a0,0.0,30,1103,0
1f412b9d,0.0,30,1192,0
bfd39765,0.0,30,1192,0
300e4a4e,1507.44,18,1475,969
300e4a4e,1507.44,18,0,0
300e4a4e,1507.44,18,0,0
41b2c7aa,0.0,31,998,0
00dab67d,0.0,31,998,0
54b76425,0.0,19,933,0
d2f02b51,0.0,19,933,0
6428f65c,0.0,19,1177,0
2f3e6393,0.0,19,1123,0
877b64dd,0.0,28,1163,0
f67893ff,0.0,24,1205,0
08981090,0.0,24,1135,0
1ee03cae,0.0,24,1183,0
595ae90e,0.0,24,1105,0
007fe4af,0.0,16,1177,0
d20325f2,0.0,16,1316,0
0c5fb998,0.0,16,1177,0
4c4c6361,0.0,16,1226,0
f37b9ed5,0.0,28,1182,0
d43c47a7,0.0,17,1165,0
f35d2b43,0.0,24,1170,0
3161641a,0.0,17,863,0
4f31469b,0.0,17,863,0
c9d4943b,0.0,17,1104,0
55228178,0.0,19,1099,0
4cd0abcf,0.0,19,1095,0
bf3784e8,0.0,26,1229,0
26420330,0.0,26,1307,0
2e9ccda3,0.0,19,1122,0
31863b86,0.0,19,0,0
8b38bef2,0.0,19,1160,0
9958686c,0.0,28,1202,0
8c114d3c,0.0,30,1248,0
6ee894ee,0.0,30,1156,0
bb48c390,0.0,30,1247,0
8d164083,0.0,30,987,0
ac536dee,0.0,30,1158,0
452debf0,0.0,30,1243,0
8676efef,0.0,29,1190,0
7231dacb,0.0,30,1255,0
65a136fb,0.0,30,1135,0
e9f3a7a7,0.0,19,1118,0
fcf51e75,0.0,28,1276,0
d0c61049,0.0,20,1206,0
a7aef84e,0.0,17,1115,0
57c3caf5,0.0,32,0,0
30d4196d,0.0,32,0,0
b8ec7e63,7516.5599999999995,27,1488,1216
b8ec7e63,7516.5599999999995,27,0,0
cba1cbb9,0.0,28,1151,0
3cce99fb,0.0,5,1381,3982
3cce99fb,0.0,5,0,0
f77b467c,9186.48,5,1378,2202
f77b467c,9186.48,5,0,0
20f0cdad,0.0,13,1230,0
f2488be8,0.0,18,1164,0
af700985,0.0,34,1208,0
78cb017d,0.0,34,1208,0
79fd05b9,0.0,30,1210,0
97783ea5,0.0,30,1017,0
aeda556c,0.0,30,1189,0
e57cbdc1,0.0,30,1169,0
80b98585,0.0,19,1218,0
6c18632d,0.0,28,851,0
ff4c0dc7,0.0,28,1145,0
1f079e5b,0.0,29,1196,0
cf1ba50b,0.0,19,1158,0
1e004963,0.0,19,1143,0
144ab672,0.0,28,1053,0
8ebb529a,0.0,11,1238,0
09c265bf,0.0,18,893,0
c9265b4c,0.0,18,1091,0
3d155519,0.0,18,1003,0
9b421dd0,0.0,31,1328,3559
9b421dd0,0.0,31,0,0
4856ed71,0.0,27,1258,0
ff9dcc9f,0.0,7,0,0
faa2bda7,0.0,19,859,0
f3ecb33a,0.0,19,1110,0
2c269920,0.0,28,1114,0
be2fb35d,0.0,28,948,0
2095103e,0.0,28,1131,0
5aab5bec,0.0,28,1181,0
0f821f86,0.0,19,1237,0
7b5a3dbf,0.0,19,1207,0
e14ffd02,0.0,18,1114,0
fd2bd2a1,0.0,22,0,0
71527d20,0.0,14,0,0
b2ebb817,0.0,14,0,0
bfe3a01f,0.0,22,0,0
9f1d1820,0.0,22,0,0
821521e3,0.0,22,1359,0
452dddce,0.0,14,1308,0
b67f88dd,0.0,14,0,0
0bfa4012,0.0,14,0,0
036d9063,0.0,14,1308,0
030827a1,0.0,27,1217,0
a96912eb,0.0,27,1130,0
e047949b,0.0,23,0,0
4c2b0354,0.0,23,1279,0
20f8e1d0,0.0,23,0,0
67179bf5,0.0,23,0,0
fbcaa054,0.0,23,0,0
20e00979,0.0,23,0,0
20e00979,0.0,23,0,0
ad4965df,0.0,14,0,0
24476cae,0.0,14,0,0
0a904115,0.0,14,0,0
b86b05a2,0.0,14,0,0
43831509,0.0,14,0,0
2ae213b3,0.0,14,0,0
e1113dd7,0.0,14,0,0
0af049cf,0.0,34,0,0
74d9bcb4,0.0,34,0,0
9fa70c70,0.0,11,0,0
44d10297,0.0,11,0,0
95368163,0.0,11,0,0
0ed65356,0.0,11,0,0
a1481a8f,0.0,11,0,0
690518f8,0.0,11,0,0
0576426d,0.0,11,0,0
61246475,0.0,11,1261,0
c9707e89,0.0,11,0,0
f7f918b1,0.0,11,0,0
26719ab2,0.0,11,0,0
3d7e6e87,0.0,11,0,0
b8fc14c7,0.0,11,0,0
8dcc1587,0.0,11,0,0
df33f0e3,0.0,11,0,0
4667a258,0.0,11,0,0
b31e24c2,0.0,11,0,0
970f4258,0.0,11,0,0
a53d05a2,0.0,11,0,0
c058ccd2,0.0,11,0,0
98f39fc5,0.0,11,0,0
b1aec1bc,0.0,11,0,0
4ba028dd,0.0,11,0,0
84d9142c,0.0,11,0,0
ec869e95,0.0,11,0,0
44d4adaa,0.0,11,0,0
d366a589,0.0,11,0,0
0332b76f,0.0,11,0,0
72ef9e1f,0.0,26,1143,0
1fcbdf5a,0.0,26,1232,0
891266d7,0.0,26,1097,0
f033097d,0.0,26,1069,0
56e3d123,0.0,26,1196,0
e36ca649,0.0,26,1098,0
eb6faf0b,0.0,26,1097,0
84660141,0.0,10,0,0
69a2d737,0.0,10,0,0
ae26dc3a,0.0,10,0,0
7532565b,0.0,10,0,0
99ebaccc,0.0,10,0,0
096b24ba,0.0,10,0,0
c66f6409,0.0,10,0,0
5596ff74,0.0,10,0,0
b1eec882,0.0,10,0,0
a85d8f93,0.0,10,0,0
3c20650e,0.0,10,0,0
60a067ec,0.0,10,0,0
083143ed,0.0,10,0,0
e3ca118c,0.0,10,0,0
54257585,0.0,10,0,0
68568674,0.0,10,0,0
2e8868ae,0.0,10,0,0
6f47e3cf,0.0,10,0,0
e69ef8c0,0.0,34,0,0
f2f968f5,0.0,23,1097,0
9888e16a,0.0,8,0,0
416ae59b,0.0,8,0,0
8b5671cf,0.0,8,0,0
0868730c,0.0,8,0,0
3c719bfb,0.0,8,0,0
3c719bfb,0.0,8,0,0
d20673f1,0.0,8,0,0
66ca8575,0.0,8,0,0
5fb9998c,0.0,8,0,0
a4559a8a,0.0,8,0,0
792d09fc,0.0,8,0,0
a85ae79c,0.0,8,0,0
08a54c39,0.0,8,0,0
ac0acb50,0.0,32,0,0
0c82864b,0.0,32,0,0
9e5bff5c,0.0,15,1139,0
28142b53,0.0,15,0,0
47457a95,0.0,15,1230,0
d3a56361,0.0,15,1354,0
6a58577c,0.0,35,0,0
6540a1b5,0.0,35,1223,0
0048665b,0.0,35,0,0
70018571,0.0,35,1223,0
33dfe288,0.0,35,1223,0
74d3d16e,0.0,27,0,0
f65051f6,0.0,12,0,0
97f2023b,0.0,12,0,0
9ae1fe9f,0.0,29,0,0
8497f281,0.0,25,0,0
a46e915e,0.0,25,0,0
a17ec605,0.0,25,0,0
a9080017,0.0,25,0,0
b6d353ef,0.0,25,0,0
46587524,0.0,25,0,0
d34168fb,0.0,25,0,0
eb88e556,0.0,25,0,0
1451e0b4,0.0,25,0,0
01935f38,0.0,25,0,0
1533c2e8,0.0,25,0,0
ecf6d35c,0.0,25,0,0
da5b6f26,0.0,25,0,0
f0ebaf0b,0.0,25,0,0
0abaa336,0.0,25,0,0
d1099736,0.0,25,0,0
32caa307,0.0,25,0,0
76243f0f,0.0,25,0,0
f4ea5474,0.0,25,0,0
abaa17a5,0.0,25,0,0
19a7c888,0.0,33,1121,0
234cb4e9,0.0,33,0,0
6ac06add,0.0,33,0,0
5ce7620a,0.0,33,0,0
c8811bcf,0.0,33,0,0
bea806b4,0.0,33,1004,0
f54d566f,0.0,33,1392,0
e8ee0b48,0.0,33,1157,0
b2a5a441,0.0,33,1157,0
a6e1acb7,0.0,18,1283,0
4a4b4176,0.0,18,0,0
47434e58,0.0,18,1189,0
32d18daa,0.0,18,1159,0
bd9b8dc3,0.0,21,0,0
210c5231,0.0,22,0,0
7c5b5663,0.0,33,0,0
13676e0b,0.0,34,0,0
23f1cc94,0.0,34,0,0
74fde5cf,0.0,22,899,0
88c0c842,0.0,22,0,0
1ed32d7e,0.0,22,0,0
65bbd632,0.0,22,0,0
bb948257,0.0,23,1168,0
65348bda,0.0,17,1088,0
41298880,0.0,4,0,0
f8bdf010,0.0,4,0,0
4db1fae9,0.0,19,1083,0
db79632d,0.0,19,0,0
e8078ff7,0.0,27,1227,0
ca2678ce,0.0,27,1154,0
e4d87741,0.0,27,0,0
3293e8e5,0.0,11,0,0
dde641a0,0.0,11,0,0
09da34d4,0.0,11,0,0
13fc714c,0.0,11,0,0
727b10e7,0.0,2,0,0
6eefc594,0.0,2,0,0
aa2ce028,0.0,2,0,0
0abf90bd,0.0,2,0,0
e643b604,0.0,2,0,0
96f0239b,0.0,2,0,0
1cc807cb,0.0,2,0,0
4f891bda,0.0,24,0,0
55d4c002,0.0,24,0,0
603c815c,0.0,24,1233,0
0ce548c9,0.0,24,0,0
7cd909c1,0.0,27,0,0
7fea65af,0.0,14,0,0
1f124458,2499.84,7,1435,27907
f66bd780,0.0,34,1142,0
3668d2f7,0.0,23,0,0
d8ac3d2c,0.0,23,0,0
0f88240d,0.0,27,0,0
a273fec6,0.0,27,0,0
0c78599d,0.0,27,1212,0
43a678d2,0.0,27,1212,0
4007c060,0.0,5,0,0
2b6a4f56,0.0,5,0,0
b4ed1466,0.0,5,0,0
8493c3fc,0.0,5,0,0
50fea0b6,0.0,5,0,0
202ad92a,0.0,5,0,0
ff53a9c2,0.0,5,0,0
327ac7ad,0.0,5,0,0
816af5f5,0.0,5,0,0
34c1aa41,0.0,36,0,0
2771d3af,0.0,36,0,0
5063f91d,0.0,27,0,0
cecbc9e3,0.0,26,0,0
2c1a4a60,0.0,26,0,0
487501d6,0.0,17,1127,0
1c32fb13,0.0,17,0,0
81d17893,0.0,17,1141,0
1584cba4,0.0,18,927,0
cd2d589d,0.0,17,0,0
64c1d48b,0.0,17,0,0
197e6500,0.0,17,0,0
225b2148,0.0,17,0,0
6f90edb1,0.0,17,0,0
04e5e733,0.0,17,0,0
906fb9bd,0.0,17,0,0
889ca0c3,0.0,17,0,0
f9887108,0.0,17,0,0
563e424f,0.0,17,0,0
561bd2aa,0.0,17,0,0
a5fd04a6,0.0,17,0,0
af8887e9,0.0,17,0,0
1f124458,2499.84,7,0,0
1f124458,2499.84,7,0,0
e23f15a2,0.0,28,0,0
2310a41b,0.0,28,0,0
fca7d5eb,0.0,28,0,0
ee90dc3b,0.0,28,0,0
f91d2750,0.0,28,0,0
da20d448,0.0,28,0,0
259c7699,0.0,28,0,0
6658a9fd,0.0,28,0,0
7d428a74,0.0,28,0,0
5dc6f293,0.0,3,0,0
c1f0267a,0.0,3,0,0
82a12350,0.0,3,0,0
bad76530,0.0,3,0,0
1b8e607e,0.0,3,0,0
eb3e69b9,0.0,3,0,0
19050285,0.0,3,0,0
98f72830,0.0,3,0,0
3730d577,0.0,3,0,0
a3e6462e,0.0,3,0,0
bc6205db,0.0,3,0,0
022cd262,0.0,3,0,0
93758a21,0.0,3,0,0
794d5f57,0.0,3,0,0
6f18ef93,0.0,3,0,0
338d383e,0.0,3,0,0
2ec37d20,0.0,3,0,0
7f63a065,0.0,3,0,0
0050f632,0.0,3,0,0
847582a2,0.0,3,0,0
2480405e,0.0,3,0,0
7b6f2db9,0.0,3,0,0
91ddacb1,0.0,3,0,0
2772d913,0.0,3,0,0
9a09902f,0.0,3,0,0
1bbff3a9,0.0,4,0,0
ee8873fe,0.0,27,0,0
c010db39,0.0,27,0,0
9dc429fa,0.0,27,0,0
bd5aa76d,0.0,4,0,0
c6b61ebb,0.0,4,0,0
f07a9d7c,0.0,4,0,0
e0b1ab97,0.0,4,0,0
f076e2f9,0.0,28,1117,0
5180df14,0.0,8,0,0
c9442aa3,0.0,33,0,0
e1478781,0.0,33,0,0
25215e60,0.0,33,0,0
0f786dbb,0.0,33,0,0
b8779322,0.0,33,0,0
d0e699bd,0.0,33,0,0
244bd776,0.0,33,0,0
2d85433c,0.0,33,0,0
569ee926,0.0,33,0,0
d8028b96,0.0,33,0,0
be40ce3a,0.0,33,0,0
4ad256d8,0.0,33,0,0
56b180ef,0.0,33,0,0
518e4366,0.0,33,0,0
5a92729b,0.0,33,0,0
48e0fed3,0.0,33,0,0
cbf6f3e4,0.0,33,0,0
f8c5c161,0.0,33,0,0
cff5b58e,0.0,32,0,0
80f0defe,0.0,18,0,0
96e9a6df,0.0,30,1136,0
ad500c5a,0.0,30,1188,0
6518d569,0.0,29,0,0
f9528fa3,0.0,24,1208,0
03c075bf,0.0,7,0,0
293a19d2,0.0,34,0,0
f602051c,0.0,34,0,0
2c36e9e4,0.0,34,0,0
8b28c9c9,0.0,34,0,0
6e8c80a5,0.0,34,0,0
89edaf7f,0.0,34,0,0
a0948ecb,0.0,34,0,0
5c1b3a62,0.0,7,1405,7541
ba7c8459,0.0,21,0,0
33de7ac5,0.0,21,0,0
84b70f96,0.0,21,0,0
574953a2,0.0,21,1312,0
0a98d737,0.0,21,0,0
0eeff112,0.0,21,0,0
a1a2cc2c,0.0,19,1184,0
8bb326d8,0.0,19,1245,0
e28f8b35,0.0,10,0,0
a94394bf,0.0,10,0,0
44ad4f59,0.0,10,0,0
44e467cd,0.0,10,0,0
b695d101,0.0,10,0,0
acd874f7,0.0,10,0,0
1738ae0c,0.0,10,0,0
748d6b2d,0.0,10,0,0
0180bb9c,0.0,10,0,0
7aa70855,0.0,10,0,0
529083e1,0.0,10,0,0
d077abef,0.0,31,1012,0
57631eb7,0.0,22,0,0
d3649c49,0.0,26,1324,0
1d557eb9,0.0,16,0,0
cef7317f,0.0,16,0,0
298356e5,0.0,14,1191,0
ee800aec,0.0,14,0,0
3d17a46c,0.0,14,0,0
9211a6a5,0.0,14,0,0
be2c4554,0.0,14,0,0
a89e197b,0.0,14,0,0
0a69a6ce,0.0,14,0,0
98261cb7,0.0,14,0,0
9dc12ee3,0.0,14,0,0
a15687f8,0.0,14,0,0
d12c73ab,0.0,14,0,0
8797d3d1,0.0,14,0,0
6d988c20,0.0,14,0,0
4a14ee08,0.0,14,0,0
31a3024b,0.0,14,0,0
99ea67ea,0.0,3,0,0
55eac49f,0.0,3,0,0
0e1e5cd5,0.0,3,0,0
10e37a1b,0.0,3,0,0
46274370,0.0,3,0,0
3ef39965,0.0,3,0,0
ccecfcf3,0.0,3,0,0
f0da1665,0.0,3,0,0
a4a1a9fe,0.0,3,0,0
c46acd9f,0.0,3,0,0
338a71da,0.0,3,0,0
9e4d4d8c,0.0,3,0,0
59364802,0.0,3,0,0
273a4f3b,0.0,3,0,0
1915697a,0.0,3,0,0
d2e56090,0.0,3,0,0
b4c5af57,0.0,31,1154,0
a2ac8412,0.0,31,0,0
e9245fe4,0.0,31,1154,0
b202e989,0.0,31,0,0
cd8d85e0,0.0,31,1104,0
31cd8349,0.0,7,0,0
31cd8349,0.0,7,0,0
d90be7a1,0.0,31,0,0
7439458d,0.0,31,0,0
661fe168,0.0,31,0,0
2b45f2a1,0.0,31,0,0
3bd377f5,0.0,31,0,0
6d9b1514,0.0,31,0,0
0b39e5f3,0.0,22,0,0
cfe351e0,0.0,22,0,0
df388952,0.0,22,0,0
424035ab,0.0,22,0,0
b8e9e8f5,0.0,22,0,0
56d6d5c6,0.0,23,0,0
a0cc6327,0.0,2,0,0
6df48608,0.0,2,0,0
cbb2d2cb,0.0,2,0,0
1f138b9e,0.0,19,1164,0
625f3a87,0.0,19,1157,0
7136bc95,0.0,35,1210,0
4ab43cfc,0.0,35,0,0
3ab0150a,0.0,35,0,0
19d7401d,0.0,35,0,0
7de35f33,0.0,35,1233,0
5f9ee9cf,0.0,29,0,0
1e99ab4b,0.0,29,1159,0
e0f7a952,0.0,29,1126,0
1c030249,0.0,19,0,0
5afd775a,0.0,28,0,0
048c5cbd,0.0,28,0,0
3346f2d3,0.0,28,0,0
bc8b33f5,0.0,23,0,0
5b176bb1,0.0,23,0,0
0a141ab4,0.0,23,0,0
05190ece,0.0,23,0,0
1419a96a,0.0,2,0,0
e1ca5e08,0.0,35,1104,0
7fcae030,0.0,35,1049,0
65ee1aa3,0.0,35,1212,0
9943ca57,0.0,35,1212,0
da9f4aa7,0.0,35,0,0
a261d8f4,0.0,35,0,0
4a6560db,0.0,35,0,0
d84b2401,0.0,23,0,0
7c0b34bb,0.0,7,0,0
d169f099,0.0,7,0,0
c489dd19,0.0,7,0,0
9a26bccc,0.0,7,0,0
84a51551,0.0,7,0,0
0a8cbb67,0.0,7,0,0
ce6cadf5,0.0,7,0,0
686ae8e1,0.0,7,0,0
9b9b586c,0.0,7,0,0
3b7fbdec,0.0,7,0,0
1733edd2,0.0,16,1003,0
b9628c83,0.0,4,0,0
0bd2b5f7,0.0,4,0,0
9418f898,0.0,4,0,0
79399034,0.0,4,0,0
c96211eb,0.0,4,0,0
8a160db2,0.0,4,0,0
1b16b58c,0.0,4,0,0
9ccba6d9,0.0,4,0,0
f9790174,0.0,4,0,0
a5a2cb0c,0.0,4,0,0
68a253eb,0.0,4,0,0
4e537186,0.0,4,0,0
cd533dad,0.0,4,0,0
4280b458,0.0,4,0,0
cef8c9ad,0.0,4,0,0
66ba7b44,0.0,15,0,0
f9d3a37a,0.0,15,0,0
9339c4de,0.0,15,0,0
cc34d067,0.0,22,0,0
aeceeddc,0.0,14,0,0
2b712578,0.0,14,0,0
1737061e,0.0,14,0,0
79c5a680,0.0,14,0,0
c67e47c5,0.0,14,0,0
a3dde808,0.0,14,0,0
b60974c5,0.0,14,0,0
bac85d90,0.0,14,0,0
a5ecbf97,0.0,20,0,0
b835bd9f,0.0,36,0,0
df20875b,0.0,35,1240,0
0c04c152,0.0,7,0,0
83b244f4,0.0,7,0,0
211b8707,0.0,7,0,0
a370db2d,0.0,7,0,0
fad76ff6,0.0,7,0,0
38bda2a1,0.0,7,0,0
fe69ba5c,0.0,7,0,0
6cc100f5,0.0,7,0,0
27caac88,0.0,7,0,0
625caf5f,0.0,7,0,0
1718c210,0.0,7,0,0
80a02642,0.0,7,0,0
4dd33020,0.0,7,0,0
33c5b2d9,0.0,7,0,0
433d9555,0.0,7,0,0
085664ea,0.0,7,0,0
8016f2d3,0.0,7,0,0
d5de41a7,0.0,7,0,0
727b1e46,0.0,7,0,0
4fb9d8db,0.0,7,0,0
fecb6156,0.0,7,0,0
72f192d5,0.0,7,0,0
b836f726,0.0,12,1216,0
37886880,0.0,14,0,0
fa10ba16,0.0,14,0,0
e381c6f1,0.0,14,0,0
c150e8c1,0.0,14,0,0
09827a69,0.0,14,0,0
cf002e1b,0.0,14,0,0
f3ee358b,0.0,14,0,0
a613a82f,0.0,14,0,0
f22962ef,0.0,14,0,0
fed893c4,0.0,14,0,0
c31686bf,0.0,14,0,0
9bc89897,0.0,14,0,0
1bb6b907,0.0,12,0,0
deb2e238,0.0,12,0,0
c5e7d3ef,0.0,22,0,0
c014fd8c,0.0,12,0,0
a9cc5d4d,0.0,14,0,0
ab2af64b,0.0,14,0,0
c50fad51,0.0,18,1110,0
9178e56a,0.0,18,0,0
1a64d2ca,0.0,18,1363,0
f5422e38,0.0,18,1180,0
155316ae,0.0,18,1110,0
59c8b075,0.0,17,1253,0
facbdcdc,0.0,18,0,0
fc964dd4,0.0,17,0,0
d273fc4c,0.0,4,0,0
1bf99e2c,0.0,27,0,0
c557b007,0.0,27,0,0
06cef0f9,0.0,27,0,0
b4a21fba,0.0,31,0,0
f37e2cac,0.0,31,0,0
da03aab3,0.0,31,0,0
a79f0db4,0.0,31,0,0
1837db8b,0.0,18,0,0
23f78d88,0.0,18,0,0
2ade575a,0.0,20,1165,0
8149de6d,0.0,20,0,0
44eb7dbf,0.0,20,0,0
8deee53e,0.0,20,0,0
ee76d586,0.0,20,1165,0
8d1fbcf3,0.0,20,0,0
e3e6931f,0.0,20,0,0
c4f21d2c,0.0,15,0,0
67bf671d,0.0,15,0,0
92e13c80,0.0,15,1204,0
05a39659,0.0,15,1274,0
49e8b304,0.0,15,0,0
03e9477c,0.0,33,0,0
b5e33b02,0.0,4,0,0
103b90e2,0.0,4,0,0
06cae76a,0.0,4,0,0
de707d66,0.0,4,0,0
6ebd3002,0.0,4,0,0
d1f36b92,0.0,4,0,0
883c1dba,0.0,4,0,0
1cc8eca1,0.0,4,0,0
5d79818e,0.0,4,0,0
7e430c47,0.0,4,0,0
154ba2b8,0.0,4,0,0
2c25c34e,0.0,34,0,0
af4c5857,0.0,34,0,0
cacdae4a,0.0,34,0,0
893b4bde,0.0,34,0,0
181d8e1a,0.0,2,0,0
a305dbba,0.0,2,0,0
f3fce61a,0.0,4,0,0
f32a05da,0.0,4,0,0
fee28c87,0.0,14,0,0
0c004d75,0.0,14,0,0
4c2ec3dc,0.0,14,0,0
8ad4341a,0.0,14,0,0
ed25c72e,0.0,14,0,0
346b7b04,0.0,14,0,0
c7b05821,0.0,14,0,0
db032613,0.0,14,0,0
9bcbeb63,0.0,14,0,0
9230476f,0.0,14,0,0
0f3a4eee,0.0,34,0,0
8b9ed4ac,0.0,34,0,0
eb94b84b,0.0,34,0,0
f7045c7d,0.0,34,0,0
8c6061df,0.0,34,0,0
d3663e46,0.0,34,0,0
9fe02f6d,0.0,34,0,0
e59aee46,0.0,2,0,0
b1ca1963,0.0,2,0,0
4543395d,0.0,2,0,0
de3cefa8,0.0,2,1274,0
5e82b3c6,0.0,2,0,0
dfcdcae8,0.0,2,0,0
3d4e830e,0.0,2,0,0
5e9aff99,0.0,2,0,0
41e0e928,0.0,2,0,0
3cb87287,0.0,2,0,0
3e19c738,0.0,2,1256,0
5b2b7b3c,0.0,2,0,0
6b317279,0.0,2,0,0
90941aaa,0.0,23,0,0
06a9ef7c,0.0,23,0,0
3f0853e5,0.0,16,0,0
05353a19,0.0,16,0,0
1920720d,0.0,16,0,0
53cf527a,0.0,14,0,0
cc9ec9b9,0.0,14,0,0
cc3a875c,0.0,14,0,0
9270926c,0.0,14,0,0
1fd90f9c,0.0,14,0,0
6827c5d4,0.0,14,0,0
36a30f7c,0.0,14,0,0
95cf228b,0.0,24,1100,0
9b6daee5,0.0,24,1100,0
9ab301aa,0.0,27,0,0
9737fb7a,0.0,34,0,0
630274af,0.0,34,0,0
37660395,0.0,24,0,0
5d7afd50,0.0,24,0,0
f1c08b9f,0.0,24,0,0
19c72f9c,0.0,27,0,0
9a9d7ed8,0.0,34,0,0
2f4c007b,0.0,34,1150,0
15c73313,0.0,34,1219,0
6b38c1a0,0.0,34,1067,0
a5439c0d,0.0,34,1103,0
ff92930c,0.0,34,0,0
61b05d9c,0.0,20,0,0
1ee609ac,0.0,23,1118,0
287aec7a,0.0,23,0,0
c824d4a6,0.0,23,0,0
e4273f37,0.0,27,0,0
bcb9716f,0.0,27,0,0
b79d73ca,0.0,27,0,0
133cab63,0.0,27,0,0
680c74c7,0.0,27,0,0
8ba6ace8,0.0,35,0,0
d6a5334c,0.0,35,0,0
976d0add,0.0,35,0,0
80d8744f,0.0,35,0,0
d9a2b601,0.0,35,0,0
678a07a3,0.0,35,0,0
cc9717c0,0.0,18,0,0
375a0225,0.0,18,1245,0
361b3738,0.0,18,1245,0
afb881ee,0.0,18,0,0
f78ca9e5,0.0,18,0,0
b0dca309,0.0,18,0,0
7d2db0b7,0.0,15,0,0
0ed0e039,0.0,15,0,0
82e6b780,0.0,15,0,0
52a8eb4d,0.0,15,0,0
98ae3a4b,0.0,15,1221,0
5400926a,0.0,15,0,0
6be04d56,0.0,15,1221,0
352557d6,0.0,15,0,0
fca041fe,0.0,18,0,0
85e2a494,0.0,18,1245,0
b4774e53,0.0,30,1292,0
510d5b72,0.0,31,0,0
55f522f1,0.0,31,0,0
e67fcb15,0.0,31,0,0
204f5d60,0.0,31,0,0
6d4b99bd,0.0,12,0,0
ffce2b17,0.0,12,0,0
e4d30aa2,0.0,12,0,0
948a08e5,0.0,12,0,0
5253be02,0.0,12,0,0
1104abc6,0.0,12,0,0
713069d5,0.0,13,0,0
92aebf43,0.0,13,0,0
b5715245,0.0,13,0,0
640a7909,0.0,28,1232,0
edb22e8f,0.0,30,1252,0
96672944,0.0,35,0,0
acf9acf3,0.0,18,0,0
2810e8fd,0.0,18,0,0
f78b22e0,0.0,18,0,0
b07dac57,0.0,18,0,0
8ff94723,0.0,33,0,0
c29ba8d8,0.0,33,0,0
68340801,0.0,33,0,0
14f1120c,0.0,27,1168,0
bdd80f38,0.0,27,965,0
bdafe3f8,0.0,27,1199,0
395bbe89,0.0,27,0,0
07ec5c78,0.0,27,1136,0
6b1efc14,0.0,27,1154,0
015c84b6,0.0,27,1136,0
1a29e93f,0.0,26,0,0
841437bb,0.0,26,0,0
7762a885,0.0,26,0,0
da29a573,0.0,26,0,0
57e50ef4,0.0,26,0,0
11c053ae,0.0,35,0,0
4302f4ce,0.0,35,1334,0
f7e3858b,0.0,20,0,0
37412517,0.0,20,0,0
e7fc493e,0.0,20,0,0
04cc11db,0.0,20,0,0
66b2da6c,0.0,20,0,0
219db42f,0.0,20,0,0
4150e3ef,0.0,26,1178,0
72ec418d,0.0,26,1178,0
db97336f,0.0,26,0,0
d221f054,0.0,26,1197,0
0f305628,0.0,26,0,0
0ce0266b,0.0,27,0,0
58fc39c4,0.0,27,0,0
f7418948,0.0,27,0,0
ceb05a55,0.0,27,0,0
9e676091,0.0,23,0,0
bb50d36b,0.0,2,0,0
31f8a643,0.0,2,0,0
7eb90f7f,0.0,2,0,0
41fbd8b1,0.0,2,0,0
e3de7ac4,0.0,33,0,0
c48ec0ef,0.0,34,0,0
2b071b21,0.0,34,0,0
3ec11bff,0.0,34,0,0
28dd39b2,0.0,19,1181,0
45aaba75,0.0,19,979,0
9964cd20,0.0,19,1095,0
3c66cdc2,0.0,19,902,0
c2c3b764,0.0,24,1173,0
7a0e5d90,0.0,23,1164,0
5d64c24d,0.0,23,1227,0
38ab8549,0.0,23,1224,0
0dfcfc72,0.0,8,0,0
9789e8d6,0.0,8,0,0
8fe086ff,0.0,7,0,0
657b4c4d,0.0,7,0,0
d57444b9,0.0,7,0,0
1b92c0aa,0.0,20,0,0
bfdafee4,0.0,20,0,0
71207483,0.0,20,0,0
cbe690c5,0.0,20,0,0
17853063,0.0,20,0,0
f9f95abe,0.0,20,0,0
7e7cafd0,0.0,20,0,0
f1ed7c4d,0.0,20,0,0
a3ad4d9f,0.0,20,0,0
06f756a8,0.0,20,0,0
6d81da23,0.0,20,0,0
b1444a4e,0.0,20,0,0
a247af9c,0.0,20,0,0
05a66fef,0.0,20,0,0
2f176ca7,0.0,20,0,0
84c32f4b,0.0,20,0,0
0f03e14f,0.0,20,0,0
81a629af,0.0,20,0,0
ca552e0b,0.0,20,0,0
64d0af21,0.0,20,0,0
bb948998,0.0,20,0,0
8a7f386d,0.0,20,0,0
feeaf1ca,0.0,16,0,0
bbc2084c,0.0,16,0,0
74f59f67,0.0,16,0,0
7f987531,0.0,16,0,0
551e16cd,0.0,16,0,0
dc9209a8,0.0,7,0,0
4895060e,0.0,7,0,0
2d90d80b,0.0,7,0,0
c4bbdc50,0.0,7,0,0
36a05d41,0.0,7,0,0
4f183263,0.0,7,0,0
951650a5,0.0,31,0,0
da0f745a,0.0,31,1104,0
6811728c,0.0,31,1104,0
a78e4728,0.0,31,0,0
f9d5d12a,0.0,31,1368,0
1ee50457,0.0,36,1284,0
8c1a84d3,0.0,36,0,0
15a46e2e,0.0,36,0,0
ec6ac914,0.0,35,0,0
023a10f3,0.0,36,0,0
9419f1e9,0.0,35,0,0
812591fd,0.0,36,0,0
822f96d4,0.0,17,1108,0
915b1a6b,0.0,5,0,0
25b7edc0,0.0,5,0,0
d60b4ae4,0.0,5,0,0
9927e4b0,0.0,5,0,0
4ec55bce,0.0,5,0,0
be369e6e,0.0,5,0,0
f12ca37c,0.0,5,0,0
98d2090b,0.0,5,0,0
ae033193,0.0,17,0,0
b741dd6e,0.0,17,0,0
c0f50e1b,0.0,17,0,0
144ae9f5,0.0,18,1079,0
ccec83a1,0.0,18,0,0
c085d8e7,0.0,32,0,0
a832bdd9,0.0,32,0,0
e7efbbb2,0.0,25,0,0
0e2636c0,0.0,25,0,0
11c3824d,0.0,25,0,0
101945f1,0.0,25,0,0
7b82a558,0.0,25,0,0
36f79217,0.0,25,0,0
a73ee876,0.0,25,0,0
4be1f7c3,0.0,25,0,0
d389a8b3,0.0,25,0,0
7e0d43b8,0.0,25,0,0
6fa043fb,0.0,23,0,0
cc635cbd,0.0,23,1116,0
56638622,0.0,23,0,0
3d238448,0.0,19,1251,0
1ec695e3,0.0,34,0,0
9209ed03,0.0,34,0,0
d1a0064b,0.0,3,0,0
d82c40fc,0.0,3,0,0
53fcb783,0.0,3,0,0
313d8575,0.0,3,0,0
074095e2,0.0,3,0,0
35f9b5b5,0.0,3,0,0
0b4cfb20,0.0,3,0,0
1be4b652,0.0,3,0,0
8382988b,0.0,9,0,0
3ed1c79c,0.0,22,0,0
6807ffb2,0.0,22,0,0
f83e274e,0.0,22,0,0
d9c5b860,0.0,15,0,0
1151255e,0.0,15,0,0
4a2b32a5,0.0,15,0,0
de69ba59,0.0,15,0,0
66dc392d,0.0,15,0,0
72ee596b,0.0,15,0,0
5cee919a,0.0,15,0,0
6592828b,0.0,15,0,0
3130dffc,0.0,22,0,0
abde59c2,0.0,22,0,0
27043236,0.0,15,0,0
5d83858f,0.0,15,0,0
ef33e3a6,0.0,15,0,0
2d6dc4a4,0.0,15,0,0
6447318a,0.0,15,0,0
92383444,0.0,15,0,0
1dcdb3ee,0.0,15,0,0
3d8dfc05,0.0,15,0,0
79572d1c,0.0,15,0,0
b370f8aa,0.0,15,0,0
a2d2f8a3,0.0,15,0,0
af93b0bf,0.0,22,0,0
26496f07,0.0,22,0,0
65f5c13d,0.0,22,0,0
c7e931a8,0.0,22,0,0
6f85e328,0.0,22,0,0
9cc27236,0.0,22,0,0
68cbbd36,0.0,29,0,0
d577b12e,0.0,29,0,0
da7528aa,0.0,17,0,0
9b2a6ddb,0.0,30,1224,0
e08d8cf6,0.0,34,0,0
f8b11f3a,0.0,34,0,0
1fb2616c,0.0,34,0,0
4ced0820,0.0,34,0,0
9442d529,0.0,34,0,0
671e9845,0.0,34,0,0
5cd93050,0.0,34,0,0
94c66f78,0.0,34,0,0
3c028729,0.0,34,0,0
6cbdf47d,0.0,34,0,0
be1c9b49,0.0,34,0,0
d3610781,0.0,34,0,0
e825460c,0.0,34,0,0
6269ac4f,0.0,34,0,0
063d69c8,0.0,34,0,0
0859a2b5,0.0,11,0,0
3d4c8c07,0.0,11,0,0
a5c0c8b1,0.0,11,0,0
db6f9de8,0.0,11,0,0
9f93c38b,0.0,11,0,0
4535faec,0.0,31,0,0
85625223,0.0,31,1106,0
8ad7d128,0.0,5,1203,0
e66651d7,0.0,2,0,0
69cb9edc,0.0,2,0,0
3b5c1a63,0.0,20,0,0
73e81239,0.0,36,1317,0
d3daddb9,0.0,35,0,0
d829df72,0.0,36,0,0
0e78438e,0.0,28,0,0
0bb22002,0.0,28,1092,0
421e842c,0.0,16,0,0
d5dc8f38,0.0,16,0,0
1723c3a2,0.0,16,0,0
8b936bb6,0.0,21,0,0
249d428b,0.0,21,0,0
beb72329,0.0,21,0,0
1256df93,0.0,21,1293,0
14a3e492,0.0,21,0,0
dd7bb315,0.0,21,1174,0
f9121653,0.0,21,1174,0
cd1e96bf,0.0,35,0,0
eba27e0b,0.0,35,0,0
f68eb8e4,0.0,22,0,0
f68eb8e4,0.0,22,0,0
f68eb8e4,0.0,22,0,0
e15d4a53,0.0,11,0,0
0bca87a8,0.0,16,0,0
fbbea450,0.0,16,0,0
f3e1cb18,0.0,25,0,0
38537f32,0.0,25,0,0
2bbcd033,0.0,25,0,0
03a9507a,0.0,25,0,0
bb406b54,0.0,25,0,0
303fbbd4,0.0,25,0,0
ac0bb5bd,0.0,25,0,0
0c28c1c0,0.0,25,0,0
01bb966a,0.0,25,0,0
3635238d,0.0,25,0,0
49e50ed2,0.0,25,0,0
a59072de,0.0,25,0,0
a597eb01,0.0,25,0,0
4a9d581c,0.0,25,0,0
e3eea7be,0.0,25,0,0
057a1f5c,0.0,25,0,0
36a5d6a5,0.0,25,0,0
4e9dd6ce,0.0,25,0,0
2e80a3d0,0.0,25,0,0
f0b952f3,0.0,25,0,0
04de070b,0.0,3,0,0
a5480645,0.0,3,0,0
e30b58a0,0.0,3,0,0
3a907d6a,0.0,3,0,0
8f0a8bbe,0.0,3,0,0
bada2fd0,0.0,3,0,0
360e96bc,0.0,3,0,0
1de14b67,0.0,3,0,0
f7346e5c,0.0,3,0,0
2dfd84b9,0.0,3,0,0
d7459855,0.0,23,0,0
98100b42,0.0,23,0,0
da0d2366,0.0,23,0,0
bce2ac52,0.0,24,1194,0
0e8f9e52,0.0,24,1194,0
3863e6cd,0.0,24,966,0
ef09abfd,0.0,31,0,0
5e2a94fd,0.0,13,0,0
e4a6a095,0.0,6,0,0
c86eb049,0.0,39,0,0
0a2ac8db,0.0,31,0,0
90dfaacf,0.0,31,0,0
d8266b3f,0.0,31,0,0
36cc172b,0.0,13,0,0
bbb8bc26,0.0,13,0,0
99d9363b,0.0,13,1109,0
0afb315f,0.0,13,0,0
f4a83533,0.0,13,0,0
4ddeba70,0.0,13,0,0
abbd6f5b,0.0,13,0,0
6c892aa8,0.0,13,1252,0
91969c52,0.0,13,0,0
5013b570,0.0,13,0,0
116eb4e0,0.0,13,0,0
b0e3b7c2,0.0,13,0,0
ce821242,0.0,13,0,0
5ec70291,0.0,13,0,0
792ecbe4,0.0,13,0,0
4cffc186,0.0,13,0,0
b59a2f8b,0.0,13,0,0
b7b7d4a2,0.0,13,0,0
d82efac2,0.0,39,0,0
9d6cd157,0.0,33,0,0
35f64cb5,0.0,33,0,0
9aa92383,0.0,33,0,0
1f19b66d,0.0,33,0,0
1ad5a392,0.0,33,0,0
1301534c,0.0,33,0,0
07811bc1,0.0,33,0,0
3ea48eda,0.0,33,0,0
75b4b0c6,0.0,33,0,0
b28bb6ef,0.0,22,0,0
783b1f95,0.0,22,0,0
f2e3b8eb,0.0,22,0,0
1ffd211a,0.0,22,0,0
9b4b21b1,0.0,22,0,0
fd84b68a,0.0,22,0,0
dcf505c7,0.0,22,0,0
aab9c2ba,0.0,25,1013,0
6e33f942,0.0,25,1174,0
a568cacc,0.0,32,0,0
af64dd05,0.0,32,0,0
f902011a,0.0,23,1148,0
bb2d7df4,0.0,23,1148,0
926e78cd,0.0,36,0,0
50efe21e,0.0,16,0,0
1705bfae,0.0,16,0,0
f3b3a2b6,0.0,16,0,0
afeb64e5,0.0,16,1049,0
57d00325,0.0,16,0,0
4b67dd00,0.0,16,0,0
e158812a,0.0,16,0,0
df86c15c,0.0,7,0,0
2810196a,0.0,7,0,0
704ea24e,0.0,7,0,0
5d0aedcc,0.0,7,0,0
594c4177,0.0,7,0,0
40cc3028,0.0,7,0,0
a811a9db,0.0,7,0,0
40410e8b,0.0,7,0,0
979aedb0,0.0,7,0,0
5282fbea,0.0,7,0,0
ca1c4c0e,0.0,7,0,0
e9bc8a1d,0.0,7,0,0
2e9b76fb,0.0,7,0,0
a59825a2,0.0,7,0,0
4f3afa54,0.0,31,0,0
5dd13696,0.0,31,0,0
53599a3d,0.0,31,0,0
062b2c89,0.0,31,0,0
4b690e4e,0.0,31,0,0
2c0b82ec,0.0,31,0,0
f1abc3b7,0.0,31,0,0
e095b59f,0.0,23,1243,0
2b385def,0.0,23,0,0
b6519971,0.0,23,1219,0
1bf8f5a1,0.0,23,0,0
a81f0adc,0.0,23,1262,0
5c26de6b,0.0,23,1262,0
2f9ca4d2,0.0,22,1274,0
3a599673,0.0,13,0,0
19118491,0.0,13,0,0
757dcd8e,0.0,13,0,0
4178ffbc,0.0,13,0,0
82cd240b,0.0,13,0,0
16614750,0.0,13,0,0
4b42856e,0.0,13,0,0
bf57a4db,0.0,13,0,0
ae6c323e,0.0,13,0,0
afeafa6e,0.0,13,0,0
f5814739,0.0,13,0,0
882efb46,0.0,13,0,0
404af98c,0.0,17,0,0
f9f2df53,0.0,17,1309,0
55b403c7,0.0,17,1291,0
381942e5,0.0,17,1428,0
bd146e1f,0.0,19,0,0
2a64b086,0.0,18,0,0
63be176a,0.0,19,0,0
d46694d3,0.0,19,0,0
96669447,0.0,35,1376,11293
96669447,0.0,35,0,0
bb643c1b,0.0,32,0,0
460bff98,0.0,32,0,0
460bff98,0.0,32,0,0
6011af8f,0.0,33,0,0
26e2a998,0.0,33,0,0
d99136ac,0.0,33,0,0
0bf7bdaf,0.0,33,0,0
79c3533b,0.0,33,0,0
b19e9aea,0.0,33,0,0
b8ea227e,0.0,33,0,0
8ce4956c,0.0,2,0,0
cc7eef7c,0.0,14,0,0
b04509fb,0.0,14,0,0
ecf9dea6,0.0,14,0,0
7593d989,0.0,14,0,0
8fd2dcf2,0.0,14,0,0
29aa63d2,0.0,14,0,0
292d12ad,0.0,36,0,0
bba94a1b,0.0,36,0,0
00993c82,0.0,36,0,0
0a37cbfe,0.0,36,0,0
6f5c3a39,0.0,36,0,0
5064b95a,0.0,34,0,0
cd2bf461,0.0,34,1363,0
218a0aef,0.0,34,0,0
b64c815a,0.0,34,0,0
e0d76151,0.0,34,0,0
8e91b995,0.0,34,0,0
b16d7f31,0.0,34,0,0
d65fa254,0.0,24,1244,0
c9c40f71,0.0,16,1315,0
8f7dec54,0.0,16,0,0
1e76ea3a,0.0,16,0,0
79286111,0.0,16,0,0
87f9ff0a,0.0,16,0,0
101c9052,0.0,16,0,0
9eeaa305,0.0,16,0,0
b50652d5,0.0,16,0,0
984cdaf1,0.0,25,1050,0
240636e8,0.0,5,0,0
4457df9f,0.0,5,0,0
bd372863,0.0,5,0,0
f097971c,0.0,28,1130,0
3ae39ad8,0.0,28,1160,0
82815c62,0.0,28,1127,0
dec468a4,0.0,24,1219,0
0645d267,0.0,24,1160,0
0f7f3290,0.0,18,1245,0
cfaac681,0.0,18,1130,0
d47f8682,0.0,5,0,0
0e97e4b4,0.0,5,0,0
683feb36,0.0,5,0,0
a9478e0e,0.0,5,0,0
0940ee8a,0.0,5,0,0
ca4d1542,0.0,5,0,0
c7a73ee1,0.0,5,0,0
c2b66d7e,0.0,18,1147,0
afb0bae4,0.0,18,1330,0
c36b42f6,0.0,8,0,0
a530e9f9,0.0,20,0,0
d952fce7,0.0,8,0,0
67737d61,0.0,8,0,0
faf86939,0.0,8,0,0
cddd8511,0.0,20,0,0
bce675e1,0.0,8,0,0
6da5d0ec,0.0,8,0,0
740dea3b,0.0,20,0,0
42cd6478,0.0,8,0,0
84c1c502,0.0,8,0,0
fcf7f1d8,0.0,20,0,0
a772f2cf,0.0,20,0,0
1616a2ec,0.0,20,0,0
63087fe9,0.0,8,0,0
924d78a5,0.0,8,0,0
ad17be55,0.0,20,0,0
5079c5a2,0.0,20,0,0
231e7ba5,0.0,20,0,0
786433c7,0.0,8,0,0
2922852c,0.0,8,0,0
26989e4f,0.0,8,0,0
349f2272,0.0,34,0,0
232c46cb,0.0,5,0,0
54453738,0.0,5,0,0
6f011907,0.0,5,0,0
5ba521c5,0.0,5,0,0
4159fa18,0.0,5,0,0
32c7704b,0.0,5,0,0
61d0c6e0,0.0,5,0,0
e1d1cc58,0.0,34,0,0
e0523889,0.0,34,0,0
d177de7a,0.0,34,0,0
9de1043d,0.0,34,0,0
790f9370,0.0,34,0,0
d8bca4a4,0.0,34,0,0
2f63b707,0.0,34,0,0
54e959bf,0.0,34,0,0
a28c39c5,0.0,35,0,0
b5cd1486,0.0,36,1164,0
8a8cf2a5,0.0,36,1164,0
e3bfa30f,0.0,35,0,0
39bf2c34,0.0,35,0,0
adeb522c,0.0,29,0,0
69877b2f,0.0,29,0,0
3f2b11f8,0.0,29,0,0
ba7cba0a,0.0,29,0,0
9201a3aa,0.0,29,0,0
47d42918,0.0,18,1494,1163
47d42918,0.0,18,0,0
0901f655,0.0,36,0,0
984d1af5,0.0,36,0,0
0adcd599,0.0,36,1327,0
5314e0d2,0.0,36,1272,0
e908c81c,0.0,29,0,0
4102c69b,0.0,32,0,0
4d07ff8c,0.0,12,0,0
811d662e,0.0,13,0,0
7b3e179a,0.0,13,0,0
b8a7ec3e,0.0,13,0,0
f6ff6010,0.0,12,0,0
c766d458,0.0,12,0,0
147ffb1a,0.0,12,0,0
03b9ae19,0.0,12,0,0
5385251b,0.0,12,0,0
cdec5990,0.0,12,0,0
342026c6,0.0,12,0,0
895b70ce,0.0,12,0,0
813e5a28,0.0,12,0,0
a3de205c,0.0,12,0,0
35197dfc,0.0,12,0,0
31ee560f,0.0,12,0,0
d9ce3dd3,0.0,12,0,0
11b8a3b5,0.0,12,0,0
afc8870e,0.0,12,0,0
1da260a9,0.0,12,0,0
f3830282,0.0,12,0,0
ce9dd8e0,0.0,12,0,0
7dd8ab78,0.0,12,0,0
e732331d,0.0,12,0,0
6e899ba6,0.0,12,0,0
aad18f52,0.0,12,0,0
1e9b8e9a,0.0,12,0,0
b9050990,0.0,12,0,0
39781628,0.0,13,0,0
957e801c,0.0,12,0,0
21153e7f,0.0,13,0,0
4aa8203c,0.0,13,0,0
3280a18b,0.0,12,1259,0
31617e29,0.0,12,0,0
26fb55fc,0.0,12,0,0
b2c2c68c,0.0,13,0,0
4692ed1a,0.0,13,0,0
22e381b2,0.0,12,0,0
4b6f286b,0.0,34,0,0
e07ac240,0.0,34,0,0
b5668c73,0.0,34,0,0
2ee2fe82,0.0,2,0,0
680b460d,0.0,33,0,0
65229b6c,0.0,33,0,0
189c8e10,0.0,33,0,0
741841b7,0.0,33,0,0
80d03829,0.0,33,0,0
f3f916bc,0.0,2,0,0
98ed7236,0.0,2,0,0
e34b7269,0.0,2,0,0
095ffca5,0.0,2,0,0
b71f7515,0.0,2,0,0
ab4ddc68,0.0,2,0,0
4588fe74,0.0,2,0,0
12d33a09,0.0,6,0,0
ea806cf9,0.0,6,0,0
14cee28f,0.0,6,0,0
87877fb4,0.0,6,0,0
0d7032f0,0.0,6,0,0
4a2d6dcf,0.0,6,0,0
1aaa76aa,0.0,6,0,0
e329884f,0.0,6,0,0
acfbf415,0.0,6,0,0
ae6e9bb9,0.0,6,0,0
6ba823a2,0.0,6,0,0
4f8e626b,0.0,6,0,0
90c997d5,0.0,6,0,0
978d30c4,0.0,6,0,0
6122b72d,0.0,6,0,0
ec107c83,0.0,6,0,0
a763acc3,0.0,6,0,0
f30a4763,0.0,6,0,0
9b2003d2,0.0,6,0,0
adb1a7f1,0.0,6,0,0
9ee5b38a,0.0,6,0,0
81349103,0.0,6,0,0
e690c587,0.0,6,0,0
5fbe73a7,0.0,6,0,0
81f099a4,0.0,6,0,0
74e971aa,0.0,6,0,0
42e8d728,0.0,6,0,0
71cf6700,0.0,6,0,0
b2e8d87f,0.0,6,0,0
51910fd7,0.0,6,0,0
fc3b0171,0.0,6,0,0
b65a6b99,0.0,6,0,0
741d4319,0.0,6,0,0
c386e664,0.0,6,0,0
68ab3044,0.0,6,0,0
c44e1091,0.0,6,0,0
41458895,0.0,21,0,0
d22099ed,0.0,21,0,0
efed1099,0.0,21,0,0
244c4ff1,0.0,21,0,0
9038f6b3,0.0,34,0,0
3b4862fc,0.0,34,0,0
7ae68d48,0.0,34,0,0
24f5edf8,0.0,34,0,0
40f1af07,0.0,34,0,0
a86d1c1d,0.0,17,0,0
b4e2f060,0.0,17,0,0
78433e00,0.0,17,0,0
58150a01,0.0,17,0,0
d35bc8ca,0.0,17,0,0
fe7b9f1b,0.0,2,0,0
ff8d2b46,0.0,2,0,0
71a0d9e6,0.0,2,0,0
1ae4c2e1,0.0,2,0,0
1b8577fa,0.0,2,0,0
2282c169,0.0,2,0,0
0317c622,0.0,2,0,0
ce6bc100,0.0,36,0,0
a433a6ca,0.0,36,1258,0
35e92062,0.0,36,0,0
4e43888a,0.0,36,923,0
398c6597,0.0,24,0,0
f82abc60,0.0,27,1021,0
c538f2ea,0.0,2,0,0
d5f4417c,0.0,3,0,0
a89754dc,0.0,3,0,0
76e8be4f,0.0,3,0,0
a531c2fa,0.0,3,0,0
edf30d3d,0.0,19,0,0
64168a42,0.0,19,1218,0
4d6f3d77,0.0,19,1269,0
78fd2063,0.0,19,1269,0
a4b35337,0.0,19,1169,0
28224e0f,0.0,20,0,0
71bd3e1d,0.0,21,0,0
1af9e723,0.0,4,0,0
7b4d04ce,0.0,4,0,0
b71a9cdd,0.0,2,0,0
f38d8108,0.0,5,0,0
45ef32e3,0.0,5,0,0
d19a8b42,0.0,5,0,0
d8080b6e,0.0,5,0,0
47ff2fb8,0.0,5,0,0
50ce8db1,0.0,5,0,0
12b162d3,0.0,5,0,0
2871430c,0.0,5,0,0
e43f58a3,0.0,4,0,0
0b887646,0.0,4,0,0
3378c7c8,0.0,4,0,0
73f6f0c2,0.0,4,0,0
4be364f8,0.0,4,0,0
32a08385,0.0,4,0,0
fa981c86,0.0,4,0,0
a30412cf,0.0,5,0,0
b1ae9c5a,0.0,5,0,0
172af174,0.0,5,0,0
4f4b36a3,0.0,5,0,0
51b6ac04,0.0,5,0,0
3c1149c6,0.0,5,0,0
c7b3b1f0,0.0,5,0,0
ba6d23f1,0.0,5,0,0
b9bc4b0e,0.0,3,1111,0
31aa8467,0.0,3,0,0
827b07e5,0.0,3,0,0
55cd02db,0.0,3,0,0
b09f7f56,0.0,3,0,0
60f0828e,0.0,3,0,0
0a80f165,0.0,3,1144,0
034bba64,0.0,3,0,0
4f39bce6,0.0,3,0,0
dc1d320e,0.0,3,0,0
190fd752,0.0,3,0,0
a46a8b8b,0.0,3,0,0
86fc3860,0.0,3,0,0
66ab20e9,0.0,3,0,0
9b6dc301,0.0,3,0,0
4404f07a,0.0,31,1306,0
82f40c2a,0.0,17,1223,0
9dbe3f12,0.0,17,1177,0
d0ddd061,0.0,18,1256,0
87951011,0.0,5,0,0
2893a539,0.0,16,0,0
a9ae98f4,0.0,16,0,0
95ba7e05,0.0,16,0,0
09d9396b,0.0,16,0,0
5e4e9bbb,0.0,16,0,0
6b944878,0.0,16,0,0
f853ac87,0.0,16,0,0
f034204f,0.0,16,0,0
ad71522c,0.0,16,0,0
c6bc9a08,0.0,16,0,0
b0e2dc03,0.0,16,0,0
2d9886f0,0.0,16,0,0
bd657c2a,0.0,16,0,0
7a5f2adc,0.0,16,0,0
bb022608,0.0,16,0,0
47c3c1b6,0.0,16,0,0
c80d812b,0.0,31,0,0
b2b3cee4,0.0,31,0,0
09c72888,0.0,31,0,0
1aa6af56,0.0,31,0,0
16ea1250,0.0,31,0,0
747af127,0.0,34,0,0
bb1afff5,0.0,34,0,0
d4d6b2d9,0.0,34,0,0
cbf4f8c2,0.0,34,0,0
61a0d594,0.0,34,0,0
b1bdb25b,0.0,34,0,0
2952646d,0.0,34,0,0
4132a2f4,0.0,34,0,0
3bdd7842,0.0,34,0,0
02bd14db,0.0,36,1215,0
0921f5d1,0.0,36,1206,0
7e9929ed,0.0,36,1242,0
46cf757d,0.0,24,1170,0
83209b31,0.0,24,1351,0
c0bdcc2b,0.0,24,0,0
faf39b1a,0.0,24,1245,0
0851def2,0.0,24,1351,0
3bdade21,0.0,24,1351,0
d1141f76,0.0,14,0,0
d15f2d78,0.0,7,0,0
de1df737,0.0,32,0,0
b0c60a13,0.0,32,0,0
f18d4e02,0.0,32,0,0
e5fa2994,0.0,32,0,0
895b4a7f,0.0,14,0,0
fd6229d6,0.0,14,0,0
de811437,0.0,7,1414,6942
de811437,0.0,7,0,0
de811437,0.0,7,0,0
e0471247,0.0,18,1200,0
ed0dc2bc,0.0,19,1188,0
87a82e33,0.0,5,0,0
37256a0e,0.0,5,0,0
af9de1d1,0.0,5,0,0
e1bbcf72,0.0,5,0,0
e4a44187,0.0,5,0,0
65e4ba44,0.0,5,0,0
1b9620d7,0.0,5,0,0
1a28a592,0.0,5,0,0
01018eeb,0.0,5,0,0
07425b15,0.0,5,0,0
41ed3321,0.0,5,0,0
16bcbae8,0.0,5,0,0
629d3533,0.0,5,0,0
d096c126,0.0,5,0,0
81dafacb,0.0,5,0,0
9d79a50a,0.0,5,0,0
aa21deee,0.0,5,0,0
1c7b10ef,0.0,33,0,0
6cc208d8,0.0,33,0,0
4772be94,0.0,33,1302,0
f5eb3e80,0.0,33,0,0
be2cae3e,0.0,18,1126,0
4d2b5e01,0.0,18,0,0
aeaba34f,0.0,27,1300,0
5f2255bb,0.0,34,0,0
3b97e35d,0.0,34,0,0
af1a2880,0.0,34,968,0
9546d2ed,0.0,34,0,0
274a84e7,0.0,27,0,0
032e2953,0.0,27,0,0
89dfc2fa,0.0,27,0,0
dcdec1cb,0.0,27,0,0
2f539123,0.0,27,0,0
1791a91c,0.0,27,0,0
98afe7d7,0.0,27,0,0
b036c693,0.0,22,0,0
bb31bdb1,0.0,22,0,0
c17882d7,0.0,4,0,0
bbbd4133,0.0,32,0,0
92258190,0.0,34,0,0
58361269,0.0,34,0,0
39b750bd,0.0,34,0,0
ea6ae3ab,0.0,34,0,0
ad7d212e,0.0,34,0,0
e95482f9,0.0,21,0,0
351c3f64,0.0,21,0,0
1b688af6,0.0,21,0,0
7455bc10,0.0,21,0,0
580ee67a,0.0,21,0,0
83630be5,0.0,21,0,0
7b71ae8a,0.0,21,0,0
0b178451,0.0,21,0,0
0d5843e3,0.0,21,0,0
f64f4b79,0.0,21,0,0
8bd90697,0.0,21,0,0
b9864d3b,0.0,21,0,0
26012e2e,0.0,21,0,0
3e3f2244,0.0,21,0,0
603ba12b,0.0,21,0,0
2d3c3e13,0.0,21,0,0
339ba027,0.0,21,0,0
5128568e,0.0,21,0,0
26d5b7c9,0.0,21,0,0
79d561a2,0.0,21,0,0
ede1d64b,0.0,21,0,0
52ce2863,0.0,21,0,0
c97b2ee9,0.0,21,0,0
b5b89eee,0.0,21,0,0
bce6062a,0.0,9,0,0
8bc40cc5,0.0,9,0,0
c67d9dc6,0.0,9,0,0
159b50ba,0.0,9,0,0
046a42d7,0.0,6,0,0
0e521d97,0.0,6,0,0
35a7be45,0.0,6,0,0
58f326f8,0.0,6,0,0
b1716783,0.0,6,0,0
f0f4dbbf,0.0,6,0,0
bb44bda1,0.0,6,0,0
05da32e4,0.0,6,0,0
374bfc68,0.0,6,0,0
030feffa,0.0,6,0,0
df89526f,0.0,6,0,0
9e1fc40c,0.0,6,0,0
249cdbff,0.0,6,0,0
34283f21,0.0,6,0,0
0c440e61,0.0,6,0,0
a731861e,0.0,6,0,0
6752e882,0.0,9,0,0
db5fce78,0.0,9,0,0
f18babad,0.0,9,0,0
d4eaf03c,0.0,9,0,0
02dbeb82,0.0,9,0,0
d9b6a1b1,0.0,9,0,0
5d0c6253,0.0,9,0,0
916546b1,0.0,6,0,0
a4c755f0,0.0,23,1112,0
7c21be16,0.0,23,1272,0
50ab8e1b,0.0,23,0,0
ee7b028a,0.0,23,1272,0
f36205da,0.0,23,1272,0
eb6176cc,0.0,30,1112,0
cf8490ef,0.0,19,0,0
2490a953,0.0,19,1093,0
94ae98cb,0.0,19,1217,0
e948aa51,0.0,19,0,0
377f9db5,0.0,19,0,0
03814f72,0.0,19,1093,0
4755a39d,0.0,19,0,0
29b83836,0.0,19,1093,0
9e4b7f38,0.0,10,0,0
f7ed44ed,0.0,10,0,0
1519b079,0.0,10,0,0
a6bbd32b,0.0,32,0,0
f7de6760,0.0,32,0,0
90fe4ad5,0.0,32,0,0
c8710a14,0.0,32,0,0
53da7f5c,0.0,32,0,0
d4784915,0.0,22,0,0
a197d6a2,0.0,22,0,0
f4f55107,0.0,14,1384,2942
13633303,0.0,22,0,0
c6f4494c,0.0,22,0,0
150b0427,0.0,22,0,0
88db7254,0.0,22,0,0
7703a1af,0.0,22,0,0
5b6c728b,0.0,2,1492,29493
6778f983,0.0,25,0,0
b8f90ccc,0.0,24,1136,0
78299863,0.0,31,0,0
af57e957,0.0,31,0,0
dc62856b,0.0,31,0,0
2bc45214,0.0,31,0,0
7f858af5,0.0,12,0,0
af55268b,0.0,12,0,0
1982c69f,0.0,12,0,0
b9a3c2bb,0.0,12,0,0
5d0a9b1b,0.0,12,0,0
27697a91,0.0,12,0,0
2cfcef9d,0.0,12,0,0
9e3f8e88,0.0,12,0,0
fbe1d415,0.0,12,0,0
f88243cf,0.0,12,0,0
1dfedeb2,0.0,12,0,0
e98ec9ed,0.0,12,0,0
63b388b2,0.0,12,0,0
a30b577d,0.0,12,0,0
ebff3be0,0.0,12,0,0
4cf904e5,0.0,12,0,0
8e4e0055,0.0,12,0,0
d833e910,0.0,32,0,0
4960740a,0.0,7,0,0
f64c0691,0.0,29,1220,0
cde98070,0.0,33,0,0
05244a66,0.0,17,1099,0
f1a951e1,0.0,17,1090,0
0e54166a,0.0,17,1129,0
8d5d494f,0.0,36,0,0
e6eeb0ef,0.0,36,0,0
d0b8154a,0.0,24,1221,0
0c0a2ab4,0.0,24,0,0
faa93b62,0.0,24,0,0
b7457f54,0.0,33,1153,0
3c44971f,0.0,33,1078,0
57afccb6,0.0,35,1174,0
dc42814d,0.0,35,1118,0
743dd67f,0.0,12,1100,0
80fba6d4,0.0,12,0,0
0c2b39ed,0.0,12,0,0
9d1243b1,0.0,12,0,0
adcea696,0.0,12,0,0
7c5c6dc0,0.0,30,1133,0
34ba4e58,0.0,30,1199,0
3969a42f,0.0,35,1323,0
2b689a22,0.0,35,1323,0
b50b8716,0.0,35,984,0
051f4ca1,0.0,35,0,0
ef4b68cb,0.0,35,0,0
a3b7ad12,0.0,35,984,0
f549612f,0.0,36,0,0
5cfea110,0.0,19,0,0
fd360cfc,0.0,9,0,0
a43e667f,0.0,9,0,0
4c32ea84,0.0,9,0,0
09ab43f1,0.0,9,0,0
91bcba19,0.0,9,0,0
18246a5c,0.0,9,0,0
c3d6ddb9,0.0,9,0,0
d4e60635,0.0,7,0,0
a1a2aa7c,0.0,7,0,0
1afef6ad,0.0,7,0,0
676f4605,0.0,7,0,0
8d813392,0.0,7,0,0
e9951832,0.0,7,0,0
34f3c511,0.0,7,0,0
ba27871e,0.0,7,0,0
177cf725,0.0,7,0,0
6720f8c6,0.0,7,0,0
ccae5cb7,0.0,7,0,0
a4bca59d,0.0,7,0,0
958ec696,0.0,7,0,0
04e696ef,0.0,9,0,0
c5b454d6,0.0,9,0,0
f20ccd6a,0.0,9,0,0
a1c49274,0.0,9,0,0
398762be,0.0,9,0,0
3c63831a,0.0,9,0,0
49c4ff88,0.0,9,0,0
488c1753,0.0,9,0,0
bf87d148,0.0,9,0,0
110126aa,0.0,9,0,0
8b2bbb8a,0.0,9,0,0
1c3a900f,0.0,9,0,0
89092ec1,0.0,9,0,0
0a1a0d35,0.0,9,0,0
34222434,0.0,9,0,0
79fe6a99,0.0,9,0,0
82dcbcb4,0.0,9,0,0
c901c796,0.0,9,0,0
a289e762,0.0,9,0,0
2298d6cd,0.0,9,0,0
ce057170,0.0,9,0,0
8d8164a3,0.0,9,0,0
243b16d1,0.0,9,0,0
75b2c941,0.0,9,0,0
b7f43a26,0.0,9,0,0
89013994,0.0,9,0,0
3dc34899,0.0,9,0,0
337de67a,0.0,9,0,0
1534d419,0.0,9,0,0
b84ed550,0.0,9,0,0
3b9e9c74,0.0,9,0,0
3b9e9c74,0.0,9,0,0
7ff2531f,0.0,9,0,0
9fe62df2,0.0,9,0,0
85a08fc4,0.0,9,0,0
d0be1f34,0.0,9,0,0
c83601aa,0.0,9,0,0
23cdf0ed,0.0,9,0,0
93c2933b,0.0,9,0,0
0e439e15,0.0,9,0,0
954b9ef5,0.0,9,0,0
f5f23c1c,0.0,6,0,0
ae287f59,0.0,22,0,0
ae287f59,0.0,22,0,0
112715bd,0.0,33,0,0
78f15b5d,0.0,33,0,0
965e28b2,0.0,33,0,0
0c1cbaca,0.0,33,0,0
4de707e0,0.0,33,0,0
6c682fe5,0.0,33,0,0
0c188f03,0.0,33,0,0
297da7ec,0.0,33,1203,0
d1cc9fe0,0.0,33,0,0
462372e7,0.0,33,0,0
46306e31,0.0,33,0,0
cbc3bf51,0.0,33,0,0
7e7f82c1,0.0,32,0,0
86b18468,0.0,32,0,0
3c176317,0.0,30,1157,0
2d364646,0.0,30,0,0
5170e5d7,0.0,28,0,0
387f187a,0.0,20,0,0
e23a8fdf,0.0,20,0,0
f3623a0e,0.0,17,972,0
f87e9bab,0.0,17,1246,0
2603b2b3,0.0,17,1276,0
9855a90c,0.0,17,1319,0
ccb9382f,0.0,17,1276,0
52534a5f,0.0,30,0,0
d558df49,0.0,29,0,0
f158de7b,0.0,14,0,0
0f21816c,0.0,14,0,0
054706cf,0.0,14,0,0
eec50999,0.0,14,0,0
b972fbc1,0.0,14,0,0
a3567aad,0.0,14,0,0
a92713d7,0.0,33,1155,0
9b377842,0.0,33,0,0
e1b0b1b1,0.0,33,1239,0
625ee611,0.0,33,1239,0
ce9f56bd,0.0,33,1078,0
e79ee853,0.0,33,0,0
991987cf,0.0,13,0,0
095e8777,0.0,13,0,0
5bf8cde6,0.0,13,0,0
7ddc2e72,0.0,13,0,0
ec2e0e77,0.0,13,0,0
80362d83,0.0,24,1116,0
7bb76f4b,0.0,16,0,0
f634322b,0.0,16,0,0
d85bb5e2,0.0,16,0,0
70aef850,0.0,16,0,0
c44ecb21,0.0,30,941,0
71328112,0.0,7,0,0
cdcb5df8,0.0,17,1141,0
198132d3,0.0,31,0,0
f1524065,0.0,31,0,0
725278c5,0.0,31,0,0
f28f4d60,0.0,31,0,0
781257d8,0.0,3,0,0
e361a50d,0.0,3,1100,0
677d3716,0.0,3,0,0
a5e1fbfa,0.0,3,1144,0
684f2c73,0.0,3,0,0
6d79a2fd,0.0,31,0,0
84c66701,0.0,31,0,0
d5e1729b,0.0,34,0,0
69e2edec,0.0,32,0,0
5b7da15b,0.0,32,0,0
119ff1dd,0.0,32,0,0
fd69b1cd,0.0,32,0,0
cc318a7d,0.0,30,1142,0
1f52bc31,0.0,30,1013,0
77ddd081,0.0,4,0,0
67b5e0ce,0.0,4,0,0
72feaf06,0.0,4,0,0
d304fa9b,0.0,4,0,0
85795285,0.0,4,0,0
60caf972,0.0,4,0,0
3d25761e,0.0,4,0,0
9c77e679,0.0,9,0,0
3b52c853,0.0,19,1267,0
58fcf911,0.0,20,0,0
226e0db1,0.0,20,0,0
028596b0,0.0,20,0,0
c5b1a185,0.0,32,0,0
ad5f0c55,0.0,22,0,0
8599f9f5,0.0,23,0,0
6d754f86,0.0,22,0,0
0374e66a,0.0,22,0,0
0196bfa7,0.0,22,0,0
41420577,0.0,22,1173,0
8472475f,0.0,22,0,0
8a0c79c2,0.0,22,1264,0
9ea9bb75,0.0,23,1314,0
ee5d979e,0.0,23,0,0
5666a12e,0.0,23,1350,0
28e4695c,0.0,23,1169,0
6e76fb7b,0.0,15,1204,0
9e07d328,0.0,14,0,0
07042645,0.0,14,0,0
b9d31896,0.0,14,0,0
b0d2d048,0.0,14,0,0
96c3560d,0.0,14,0,0
77894486,0.0,14,0,0
c33bfcf0,0.0,14,0,0
c1e05713,0.0,14,0,0
efa7bfdb,0.0,26,1429,0
92badc14,0.0,26,1429,0
836785ee,0.0,26,0,0
0c464fb4,0.0,34,0,0
348e93e7,0.0,34,0,0
a146805d,0.0,34,0,0
285c061f,0.0,34,0,0
9370b759,0.0,12,0,0
6240eb68,0.0,12,0,0
abf1a8b3,0.0,12,0,0
43fc45e2,0.0,12,0,0
147edc7b,0.0,12,0,0
61c54567,0.0,12,0,0
0ce68ec8,0.0,12,0,0
14aadbc5,0.0,16,1236,0
de77e560,0.0,14,0,0
06e4f246,0.0,14,0,0
2acafb4e,0.0,14,0,0
ea0a85ce,0.0,14,0,0
199bf0fb,0.0,14,0,0
e512fefe,0.0,14,0,0
76ee90e7,0.0,14,0,0
760a9427,0.0,14,0,0
2a841b92,0.0,14,0,0
767ca5ba,0.0,36,1190,0
7107e418,0.0,36,0,0
edf12700,0.0,36,0,0
a8ea10d0,0.0,36,0,0
fa9258ec,0.0,29,1133,0
f88dd15f,0.0,17,1427,1286
3935929e,12384.0,39,1051,1392
3935929e,12384.0,39,0,0
07936bd5,0.0,13,0,0
c4d9e488,0.0,13,0,0
46d06530,0.0,13,0,0
4d4ba33e,0.0,13,0,0
7d4b04df,0.0,13,0,0
ac1c4cf9,0.0,13,0,0
54a99674,0.0,13,0,0
34ef0cc5,0.0,13,0,0
9244b473,0.0,13,0,0
89d6c0bc,0.0,22,1359,0
97bfa854,0.0,22,0,0
a621095e,0.0,22,0,0
e883ea13,0.0,22,0,0
6625891f,0.0,34,0,0
0fc0767a,0.0,34,1226,0
21ac34db,0.0,2,0,0
734950cc,0.0,18,1089,0
b2593e80,0.0,18,1089,0
65cabe49,0.0,31,0,0
9bfe348e,0.0,32,0,0
e1632c00,0.0,32,0,0
2cc1b667,0.0,32,0,0
5c6b1c7d,0.0,35,0,0
ae9d865f,0.0,33,0,0
25ac933b,0.0,33,0,0
aa107b52,0.0,33,0,0
91f3bdb5,0.0,33,0,0
7ffc5188,0.0,33,0,0
0aa562cc,0.0,33,0,0
223cee73,0.0,33,0,0
9c45ddd4,0.0,33,0,0
deaed101,0.0,33,0,0
8d3993a8,0.0,33,0,0
8aacf815,0.0,33,0,0
8d047fad,0.0,33,0,0
ea926fac,0.0,33,0,0
aa92e70a,0.0,24,0,0
6306008c,0.0,24,0,0
622083b9,0.0,24,0,0
3d36ef55,0.0,24,0,0
0fe2cc8a,0.0,24,0,0
5f876ad8,0.0,24,0,0
67d59517,0.0,24,0,0
255c062f,0.0,24,0,0
3a91b3a4,0.0,24,0,0
c6abba2b,0.0,24,0,0
45816108,0.0,24,0,0
2e5838d1,0.0,24,0,0
226c70a6,0.0,8,0,0
a23df92d,0.0,8,1313,0
771c4503,0.0,8,0,0
8b4455de,0.0,11,0,0
d317b129,0.0,11,0,0
3e348efa,0.0,11,0,0
0d5aae7f,0.0,11,0,0
47409f74,0.0,11,0,0
79f1b596,0.0,6,0,0
246caad9,0.0,11,0,0
36c802c2,0.0,11,0,0
99d8d8fe,0.0,11,0,0
246caad9,0.0,11,0,0
79cd7448,0.0,11,0,0
64679897,0.0,4,0,0
7fe24657,0.0,4,0,0
393da0ec,0.0,4,0,0
3c63a3de,0.0,4,0,0
9e542aa3,0.0,4,0,0
bc1db953,0.0,4,0,0
8b5be571,0.0,4,0,0
96d303e5,0.0,4,0,0
69ce5228,0.0,4,0,0
90f7017a,0.0,4,0,0
7085bd5b,0.0,29,1174,0
51074aa0,0.0,3,0,0
56496a58,0.0,3,0,0
f4984e51,0.0,3,0,0
4315797a,0.0,3,0,0
04bc1089,0.0,3,0,0
b83458ff,0.0,3,0,0
c5518f4c,0.0,26,0,0
ceb1c7e8,0.0,26,0,0
7e332e30,0.0,16,1271,0
8ecc5a8e,0.0,18,0,0
09360465,0.0,16,1220,0
05e1406c,0.0,16,0,0
c1272b12,0.0,16,0,0
245e64ff,0.0,32,0,0
752753b7,0.0,25,0,0
9f548454,0.0,25,0,0
a62ccc8a,0.0,25,0,0
a476bd6f,0.0,25,0,0
0016c020,0.0,25,0,0
9a1926b9,0.0,25,0,0
30c44be4,0.0,25,0,0
f13cb11e,0.0,25,0,0
1f22d6c2,0.0,25,0,0
a97fef2b,0.0,25,0,0
f7acf91e,0.0,25,0,0
9734d1ab,0.0,25,0,0
fb773054,0.0,25,0,0
66f8f27d,0.0,25,0,0
1ea1586b,0.0,25,0,0
11e03677,0.0,25,0,0
b9c9fdda,0.0,25,0,0
4a4e4165,0.0,25,0,0
fc2b952c,0.0,18,0,0
254b5d07,0.0,18,0,0
73efb8fe,0.0,18,0,0
be4b61ae,0.0,18,0,0
0d03f006,0.0,19,0,0
d995f1d3,0.0,18,0,0
2d5a8991,0.0,18,0,0
31a64b5c,0.0,18,0,0
b9c6d8da,0.0,18,0,0
c253b9f4,0.0,18,0,0
b8bf3918,0.0,32,0,0
cc13d6f3,0.0,29,1386,154108
bb018865,0.0,33,1207,0
dfa24d56,0.0,33,0,0
602ad22c,0.0,33,0,0
fb2d5469,0.0,24,0,0
579d9ad1,0.0,24,0,0
3f3d85bb,0.0,24,0,0
4c666107,0.0,24,0,0
78689afd,0.0,24,0,0
54999d8f,0.0,19,0,0
9a8cbc03,0.0,19,0,0
6b58cea1,0.0,19,0,0
e797e0b3,0.0,19,0,0
d6acf351,0.0,19,0,0
c2bc6d88,0.0,19,996,0
31e6a3fb,0.0,19,1227,0
7ca1c087,0.0,19,0,0
98a52c93,0.0,19,1228,0
4a185372,0.0,19,0,0
cc8ac416,0.0,30,0,0
5acc95eb,0.0,33,0,0
5c1b3a62,0.0,7,0,0
c1d5beb2,0.0,5,0,0
34763d0c,0.0,5,0,0
7a749b1a,0.0,2,0,0
bb239b39,0.0,2,0,0
d1cb8374,0.0,2,0,0
598be06c,0.0,14,0,0
8e51a151,0.0,14,0,0
2d03b8b3,0.0,14,0,0
dbea6f81,0.0,14,0,0
5f3d03c7,0.0,14,0,0
90cd3ea7,0.0,17,0,0
47cd4dae,0.0,17,0,0
46f7f48b,0.0,17,0,0
8b55f1a6,0.0,17,1224,0
4a7fbb2f,0.0,17,0,0
943668d8,0.0,14,1089,0
c03cf3dc,0.0,14,0,0
69da4f41,0.0,12,0,0
1b810378,0.0,12,0,0
c398879e,0.0,12,0,0
b613e5ab,0.0,12,0,0
3d40f957,0.0,12,0,0
aaa829b4,0.0,12,0,0
61d2b292,0.0,12,0,0
7188e50b,0.0,12,0,0
37bc13b6,0.0,12,0,0
231061e4,0.0,12,0,0
1ba967a5,0.0,12,0,0
2f916225,0.0,12,0,0
edcf0af3,0.0,12,0,0
11385747,0.0,12,0,0
468174d7,0.0,12,0,0
fe176302,0.0,12,0,0
c8d4d16b,0.0,12,0,0
c9e4fd73,0.0,12,0,0
b5014d88,0.0,12,0,0
dd8c8f03,0.0,12,0,0
72acdf24,0.0,12,0,0
27badcbe,0.0,36,0,0
12237a0f,0.0,36,0,0
b5f679af,0.0,36,0,0
c0bf155d,0.0,36,0,0
e26f6747,0.0,13,0,0
47ff6108,0.0,11,0,0
c6c7c48f,0.0,11,0,0
45cfb3ea,0.0,11,0,0
2c14cdb4,0.0,11,0,0
2a91fc44,0.0,11,0,0
c86d6c20,0.0,11,0,0
354e40b9,0.0,11,0,0
16153f35,0.0,11,0,0
8eeb6731,0.0,11,0,0
f32a0dc8,0.0,11,0,0
c91241f1,0.0,13,0,0
199960ac,0.0,13,0,0
caa39868,0.0,13,0,0
baa07e56,0.0,13,0,0
42de426a,0.0,13,0,0
5b6b355b,0.0,13,0,0
d97e2073,0.0,13,0,0
ea154da9,0.0,13,0,0
e92243d3,0.0,13,0,0
d7025f32,0.0,13,0,0
ee030945,0.0,13,0,0
bb940816,0.0,13,0,0
ea89d3d4,0.0,13,0,0
e8ce1a76,0.0,13,0,0
7986009b,0.0,13,0,0
0ce280c2,0.0,13,0,0
040e5244,0.0,13,0,0
51a7444f,0.0,13,0,0
073b5f88,0.0,13,0,0
3cf4febe,0.0,11,1181,0
04c13f1b,0.0,13,0,0
54f8c891,0.0,13,0,0
e0172554,0.0,13,0,0
533f02e0,0.0,13,0,0
b73953ff,0.0,13,0,0
cb0c3eee,0.0,13,0,0
76eb5ab6,0.0,13,0,0
12b759b6,0.0,11,0,0
7acbcf5d,0.0,13,0,0
8e1f50dd,0.0,11,0,0
aee6fc93,0.0,11,0,0
8d1025f5,0.0,11,0,0
3cf4febe,0.0,11,0,0
918ff9b2,0.0,13,0,0
e6ffe616,0.0,13,0,0
7ddbbecb,0.0,13,0,0
be0151a7,0.0,13,0,0
88dfe86b,0.0,13,0,0
03abc646,0.0,32,0,0
03abc646,0.0,32,0,0
1682f5e6,0.0,14,0,0
f84606bb,0.0,14,0,0
10bf1b04,0.0,15,968,0
8fb28218,0.0,15,0,0
28a33b88,0.0,15,0,0
c295912e,0.0,15,0,0
70b84bdd,0.0,15,0,0
f0ea8364,0.0,15,1354,0
d7c5d655,0.0,15,1109,0
0b45a8c4,0.0,15,0,0
b3826d71,0.0,19,0,0
3eb485d6,0.0,19,0,0
befde11e,0.0,19,1207,0
725a174a,0.0,19,1037,0
0e5685ec,0.0,27,0,0
86f0a7be,0.0,18,0,0
6ca7db81,0.0,18,0,0
3ec87a2a,0.0,18,1371,0
3118850e,0.0,18,1251,0
2cf1f832,0.0,13,0,0
db4d2fc4,0.0,13,0,0
524f5cba,0.0,28,1220,0
33c18a57,0.0,36,0,0
ae313fbb,0.0,36,0,0
e44846a6,0.0,36,1189,0
00dda98b,0.0,36,1168,0
6f85b264,0.0,36,0,0
9fbab1d0,0.0,36,0,0
b216028b,0.0,36,0,0
62663c3f,0.0,36,0,0
4e544b78,0.0,19,0,0
d491e1a5,0.0,19,0,0
e435aa33,0.0,19,0,0
8fc31f46,0.0,19,0,0
8fc31f46,0.0,19,0,0
52d5bf0d,30274.32,24,1514,1674
52d5bf0d,30274.32,24,0,0
a7a7607c,0.0,24,0,0
82c2bede,0.0,27,1057,0
a4a79695,0.0,24,0,0
10185c67,0.0,26,0,0
3c9a1a67,0.0,26,0,0
05ae9f5d,0.0,26,0,0
c8ae00bd,0.0,22,1372,0
23d1fa36,0.0,22,1372,0
9d65c082,0.0,9,0,0
db2d381d,0.0,33,0,0
f4d64249,0.0,33,0,0
ebe0bc9e,0.0,33,0,0
12b0595e,0.0,24,0,0
56c1234b,0.0,31,0,0
7d2168d5,0.0,31,0,0
b336e907,0.0,31,1293,0
ce55a1a5,0.0,31,0,0
c1513ee4,0.0,31,1293,0
f218846f,0.0,31,0,0
70628f07,0.0,31,0,0
a43a183e,0.0,17,0,0
1613d489,0.0,17,0,0
5bd572c8,0.0,17,0,0
4a9e7c1a,0.0,17,0,0
935164fa,0.0,17,0,0
9dd1fab2,0.0,17,0,0
1f739fcb,0.0,17,0,0
2fb61f73,0.0,17,0,0
50a92831,0.0,28,977,0
65e1126e,0.0,28,957,0
3ab0f433,0.0,15,0,0
43460b32,0.0,19,0,0
df685c2b,0.0,19,923,0
b168bb64,0.0,19,923,0
398e8a51,0.0,7,0,0
3e5a9198,0.0,7,0,0
7401cdab,0.0,34,1338,0
2803ed1a,0.0,17,0,0
10140ea3,0.0,17,0,0
d46b00e7,0.0,17,0,0
2d8fcc60,0.0,2,0,0
9006efce,0.0,7,0,0
ae0982a3,0.0,34,0,0
588c88ed,0.0,20,0,0
535d516a,0.0,15,0,0
640421c7,0.0,15,0,0
61dbb105,0.0,15,0,0
d54262b3,0.0,15,0,0
a52acc9f,0.0,15,0,0
6dff7c44,0.0,15,0,0
db7cc2af,0.0,15,0,0
04c54a62,0.0,15,0,0
ee638898,0.0,15,0,0
de148c5a,0.0,34,1247,0
d01a202a,0.0,34,0,0
9c73f9c0,0.0,34,0,0
267eb8b3,0.0,32,0,0
7b4cf6ae,0.0,3,0,0
64ec979a,0.0,3,1092,0
2b77eac3,0.0,3,0,0
3fe50ebd,0.0,3,0,0
a9b6a8cd,0.0,3,0,0
5dc1968d,0.0,3,0,0
3505ef6d,0.0,3,0,0
f4df2750,0.0,3,0,0
ea0ad889,0.0,27,0,0
3217348c,0.0,34,0,0
261721c2,0.0,34,0,0
679c3a63,0.0,34,0,0
1d0322a9,0.0,34,0,0
aa64b983,0.0,34,1247,0
10231257,0.0,8,0,0
59855df2,0.0,8,0,0
ef883cb7,0.0,6,0,0
ad052230,0.0,6,0,0
6b830a64,0.0,6,0,0
34b0f179,0.0,6,0,0
3b5dffed,0.0,6,0,0
8d507595,0.0,6,0,0
e6a34595,0.0,6,0,0
c2016dd6,0.0,6,0,0
8d7f206b,0.0,6,0,0
54cfdd5d,0.0,6,0,0
7932e096,0.0,6,0,0
0bcd8c19,0.0,6,0,0
c3e142d5,0.0,6,0,0
2e1911da,0.0,6,0,0
708fabc4,0.0,6,0,0
bb9a66ed,0.0,6,0,0
f044c1cd,0.0,7,0,0
c71f870a,0.0,7,0,0
f6464b9a,0.0,7,0,0
03ede3f4,0.0,7,0,0
645b7dda,0.0,7,0,0
152e49d9,0.0,7,0,0
580c6b60,0.0,7,0,0
56c048f4,0.0,7,0,0
6b961801,0.0,7,0,0
c39f415e,0.0,7,0,0
47b8fc81,0.0,7,1179,0
388b66b7,0.0,7,0,0
2d2fc181,0.0,7,0,0
85d529d0,0.0,7,0,0
42bbcaaa,0.0,7,0,0
5dd18cd7,0.0,10,0,0
34b915a9,0.0,10,0,0
c1ff7554,0.0,10,0,0
1ad5a348,0.0,10,0,0
31ac3565,0.0,10,0,0
72d5ee0b,0.0,10,0,0
bbbdb884,0.0,10,0,0
46a5aaf3,0.0,10,0,0
b6f00319,0.0,10,0,0
337b9135,0.0,10,0,0
fd7c7abf,0.0,10,0,0
ef9c6c65,0.0,10,0,0
5c4c9e71,0.0,10,0,0
f0db4477,0.0,10,0,0
c07c8db7,0.0,10,0,0
f203c954,0.0,10,0,0
621d78a4,0.0,10,0,0
271c32fa,0.0,10,0,0
4663f71a,0.0,10,0,0
d564c81a,0.0,10,0,0
ebe15804,0.0,10,0,0
9efad812,0.0,10,0,0
027449df,0.0,10,0,0
b5865cd7,0.0,10,0,0
3edfbe6a,0.0,10,0,0
4c689a16,0.0,10,0,0
d4d8b490,0.0,7,1293,0
7e3d2ac8,0.0,7,0,0
73c5b29f,0.0,26,0,0
83bd28df,0.0,26,1122,0
f1872fa0,0.0,26,1264,0
c90786c3,0.0,3,0,0
158e83bc,0.0,3,0,0
f8cace55,0.0,3,0,0
d4c71980,0.0,3,0,0
f0a4d38a,0.0,3,0,0
53345a67,0.0,3,0,0
654e6a5c,0.0,3,0,0
e49fe87f,0.0,3,0,0
95b70dfd,0.0,3,0,0
9fdd8c9e,0.0,3,0,0
4815955d,0.0,3,0,0
8f4cf32c,0.0,3,0,0
6066e09b,0.0,3,0,0
f4d8905d,0.0,17,1203,0
5c40ff08,0.0,17,999,0
3a413d18,0.0,32,0,0
0858122a,0.0,35,0,0
61634124,0.0,35,0,0
8cdd07f8,0.0,35,0,0
14a928e9,0.0,35,1219,0
4bec33fb,0.0,35,0,0
1c70fd83,0.0,36,1164,0
b0bdf762,0.0,36,0,0
38363405,0.0,36,0,0
5086c479,0.0,35,0,0
099a87c5,0.0,36,0,0
4dda9448,0.0,36,0,0
d3eb8131,0.0,35,0,0
b277c34c,0.0,35,0,0
64d4ec6b,0.0,31,0,0
2da48687,0.0,31,0,0
7d924836,0.0,31,0,0
b5615774,0.0,31,0,0
61c4ab20,0.0,4,0,0
b094411e,0.0,4,0,0
04fd335d,0.0,4,0,0
1e3bba0e,0.0,4,0,0
76ba3f1d,0.0,4,0,0
a6d971bd,0.0,4,0,0
5ea94eeb,0.0,4,0,0
5bd3abad,0.0,4,0,0
7f16444f,0.0,4,0,0
86e3a3ee,0.0,4,0,0
d4f941e4,0.0,4,0,0
c3a22c6f,0.0,4,0,0
085abd62,0.0,4,0,0
7c9ad918,0.0,4,0,0
426a85da,0.0,4,0,0
6b56f1f7,0.0,4,0,0
13ded115,0.0,4,0,0
d513acb9,0.0,4,0,0
6d5bfec2,0.0,21,0,0
95f3b295,0.0,21,0,0
67aba055,0.0,21,0,0
a2c76eab,0.0,21,0,0
19b89460,0.0,26,0,0
ad2e995e,0.0,22,0,0
41a8a1f9,0.0,32,944,0
e06f04a7,0.0,32,0,0
95a70cc7,0.0,28,1248,0
62c65daf,0.0,21,0,0
0ab1db45,0.0,21,0,0
2021038b,0.0,4,0,0
aebe782b,0.0,4,1428,11434
86d778d7,0.0,4,0,0
aebe782b,0.0,4,0,0
74c29931,0.0,31,0,0
48fecea4,0.0,31,0,0
124957be,0.0,31,0,0
f594b882,0.0,31,0,0
36bed8c3,0.0,31,0,0
f95c5134,0.0,31,0,0
2370600a,0.0,31,0,0
981e7c19,0.0,31,0,0
d9bf41ed,0.0,31,0,0
32c51349,0.0,31,0,0
22efe605,0.0,31,0,0
2691d8e0,0.0,31,0,0
8763a407,0.0,31,0,0
7cd4246c,0.0,31,0,0
c6920332,0.0,31,0,0
aab20da2,0.0,31,1097,0
af6b5c4c,0.0,18,1175,0
d6adfe67,0.0,5,0,0
3c42552c,0.0,5,0,0
33bf743e,0.0,5,0,0
57bef5c2,0.0,5,0,0
554dbbe2,0.0,5,0,0
692b5d3f,0.0,5,0,0
ee9e2022,0.0,5,0,0
32a4e989,0.0,5,0,0
29b67cfe,0.0,5,0,0
079f2372,0.0,5,0,0
8dbefb4f,0.0,5,0,0
59714249,0.0,5,0,0
50dc1afa,0.0,5,0,0
4a44b02e,0.0,5,0,0
4379dba7,0.0,5,0,0
cd121699,0.0,5,0,0
e1c17452,0.0,5,0,0
6b8360bd,0.0,5,0,0
187a37fa,0.0,9,0,0
c4426e3e,0.0,31,0,0
d5ce789c,0.0,31,0,0
d8ccc079,0.0,31,0,0
78b9daa4,0.0,31,0,0
101db300,0.0,31,0,0
df2cb800,0.0,31,0,0
43d07096,0.0,31,0,0
4e478c37,0.0,31,0,0
885fab7b,0.0,31,0,0
3be382a4,0.0,31,0,0
f42cf145,0.0,31,0,0
2b8920f1,0.0,31,0,0
d90d566f,0.0,31,0,0
aeaf4433,0.0,31,0,0
7a93778b,0.0,31,0,0
0a4bb367,0.0,7,0,0
0061fe17,0.0,7,0,0
5d7284fa,0.0,7,0,0
6c4aacfc,0.0,7,0,0
4bfef51c,0.0,7,0,0
150b85e5,0.0,7,0,0
30e3936d,0.0,7,0,0
a5bb5ce3,0.0,7,0,0
41171a2e,0.0,8,0,0
83e834b5,0.0,5,0,0
cc0ca554,0.0,5,0,0
f6c7ece3,0.0,5,0,0
488ce103,0.0,5,0,0
83ca25a8,0.0,5,0,0
1971337c,0.0,5,0,0
b74b17b0,0.0,5,0,0
8ec797d6,0.0,5,0,0
db1e7f72,0.0,5,0,0
7e576df0,0.0,5,0,0
5a4e51ad,0.0,5,0,0
271788c8,0.0,5,0,0
b76d794d,0.0,5,0,0
1328a781,0.0,5,0,0
bba664bd,0.0,5,0,0
e4ef1fbd,0.0,5,0,0
30be888d,0.0,5,0,0
4731bb9c,0.0,5,0,0
e053eff0,0.0,5,0,0
3bf58d80,0.0,5,0,0
c9f3a6a8,0.0,5,0,0
b40630e5,0.0,5,0,0
6a6f74af,0.0,5,0,0
64cfbba5,0.0,5,0,0
50636068,0.0,5,0,0
77259a66,0.0,32,0,0
e5c86cda,0.0,31,0,0
6827f73b,0.0,31,0,0
ee41f9ef,0.0,4,0,0
64d48889,0.0,4,0,0
159d8041,0.0,4,0,0
ddcc4f32,0.0,4,0,0
654a7dae,0.0,4,0,0
d6cff0eb,0.0,4,0,0
cd6a425c,0.0,4,0,0
f693bda0,0.0,4,0,0
c557a120,0.0,4,0,0
098d86fa,0.0,4,0,0
ceba80ed,0.0,4,0,0
5f67acc3,0.0,4,0,0
42363557,0.0,4,0,0
8266dfb9,0.0,4,0,0
98cdde18,0.0,4,0,0
b5a71f6b,0.0,4,0,0
13dfcee9,0.0,4,0,0
0cc02b32,0.0,4,0,0
6c8805ed,0.0,4,0,0
63cc3c77,0.0,4,0,0
7493ad85,0.0,4,0,0
ad22ba42,0.0,4,0,0
258014e9,0.0,4,0,0
14ada93a,0.0,4,0,0
8468a6d3,0.0,4,0,0
b7b408a4,0.0,4,0,0
86403697,0.0,4,0,0
c898bbc3,0.0,4,0,0
97a64423,0.0,4,0,0
abc5091d,0.0,4,0,0
2c3487de,0.0,4,0,0
8863e01f,0.0,4,0,0
3f294af0,0.0,4,0,0
0a17d357,0.0,4,0,0
ad992b18,0.0,4,0,0
df9ea3da,0.0,4,0,0
f6cdfa46,0.0,4,0,0
be29782e,0.0,4,0,0
3258e88e,0.0,4,0,0
5487ee47,0.0,4,0,0
8860f3db,0.0,4,0,0
235d3154,0.0,6,0,0
bb6c58c0,0.0,6,0,0
1e4a91f3,0.0,6,0,0
b35a04ad,0.0,6,0,0
4ff06505,0.0,6,0,0
edce35fe,0.0,6,0,0
c92e956c,0.0,6,0,0
6294f659,0.0,6,0,0
752e8a94,0.0,6,0,0
047106f5,0.0,6,0,0
0a548c0b,0.0,6,0,0
254505a1,0.0,6,0,0
af4a95a6,0.0,7,0,0
a1b13dd2,0.0,7,0,0
93f6150b,0.0,7,0,0
80d7369a,0.0,7,0,0
f6471074,0.0,7,0,0
8cf45a02,0.0,7,0,0
b6ac8a34,0.0,7,0,0
82a0b672,0.0,7,0,0
ba0f3ea7,0.0,6,0,0
c5d178c7,0.0,6,0,0
af31b7a7,0.0,6,0,0
ab5bdb9a,0.0,6,0,0
fe0a13a4,0.0,6,0,0
a46233aa,0.0,6,0,0
f86e1c59,0.0,6,0,0
f63a5cce,0.0,6,0,0
ee0865fa,0.0,6,0,0
6ff8078a,0.0,9,0,0
2f4a656c,0.0,9,0,0
f2b98ec7,0.0,9,0,0
9ae6aff1,0.0,9,0,0
eafdace6,0.0,9,0,0
c495d77d,0.0,9,0,0
67cbae50,0.0,9,0,0
0df9175c,0.0,9,0,0
1e6cf2b7,0.0,9,0,0
fe0d3afb,0.0,9,0,0
01dcc220,0.0,9,0,0
697b8472,0.0,9,0,0
77185800,0.0,9,0,0
3fe23a9c,0.0,9,0,0
d59cb71f,0.0,9,0,0
43ef1127,0.0,9,0,0
7fff0922,0.0,9,0,0
0cf5d9af,0.0,33,0,0
6570c2a1,0.0,33,0,0
6fc3e2ec,0.0,33,0,0
5ea59670,0.0,33,0,0
ffc7a365,0.0,33,0,0
1297a92c,0.0,33,0,0
cf3b60bc,0.0,33,0,0
fd379144,0.0,33,0,0
562954fb,0.0,28,0,0
48568870,0.0,32,0,0
8ea01ae4,0.0,14,0,0
4a0494ba,0.0,31,0,0
7c36026c,0.0,22,0,0
7c36026c,0.0,22,0,0
22c874c1,0.0,36,0,0
61cd4f68,0.0,15,0,0
6c645b77,0.0,15,0,0
44de6384,0.0,15,0,0
2e74baa7,0.0,15,0,0
0f53de35,0.0,15,0,0
8db0f1ac,0.0,15,0,0
c5c5d463,0.0,15,0,0
248ad1bf,0.0,15,1391,0
5d47ba2e,0.0,15,1391,0
a5b4630d,0.0,29,1085,0
b72a39fb,0.0,16,0,0
0e16e32b,0.0,31,0,0
476fbb60,0.0,31,0,0
d95fad3a,0.0,31,0,0
57582a84,0.0,31,0,0
92028114,0.0,2,0,0
95530503,0.0,35,1243,0
e49cb902,0.0,12,0,0
ee386f99,0.0,12,0,0
e0edcdf6,0.0,12,0,0
eab5e111,0.0,12,0,0
e501108c,0.0,12,1085,0
bc556eae,0.0,12,1085,0
ad109129,0.0,36,1116,0
9e223c31,0.0,36,1116,0
fcf97b58,0.0,36,1302,0
426c2cb0,0.0,36,1116,0
b5ef5d15,0.0,36,0,0
6ed30fe7,0.0,36,0,0
82f98bee,0.0,36,1225,0
436e2979,0.0,36,0,0
641f3145,0.0,29,0,0
49f27241,0.0,29,0,0
ff65fd86,0.0,29,0,0
bc7ffb42,0.0,14,0,0
bb2283be,0.0,14,0,0
41257b0a,0.0,13,0,0
1115aad2,0.0,13,1276,0
e9bb01a3,0.0,13,0,0
e8ce4111,0.0,13,0,0
e7773a6a,0.0,13,0,0
f61a78c2,0.0,13,0,0
03410e3d,0.0,32,0,0
00a65344,0.0,32,0,0
61238b5d,0.0,32,0,0
8b83ce5e,0.0,32,0,0
0047d918,0.0,32,0,0
a9caa8f2,0.0,32,0,0
aaf5f0ef,0.0,3,0,0
dbddd03b,0.0,3,0,0
c7b2a37b,0.0,3,0,0
adff52aa,0.0,3,0,0
be43099a,0.0,3,0,0
c5b64b29,0.0,3,0,0
796087bb,0.0,3,0,0
f50a7ec6,0.0,11,0,0
febe5304,0.0,11,0,0
a6e6fd8a,0.0,23,0,0
508e0635,0.0,23,0,0
b7b42ecf,0.0,23,0,0
358492fc,0.0,36,1251,0
a004ee54,0.0,35,0,0
c2be7938,0.0,35,0,0
ce0854e7,0.0,35,0,0
70b30567,0.0,35,1289,0
a540335f,0.0,35,1289,0
0a354507,0.0,35,0,0
1f67052a,0.0,35,1356,0
8df3d70e,0.0,33,0,0
df989ef8,0.0,33,0,0
65a4c9f3,0.0,33,0,0
d36b137c,0.0,37,0,0
48b19ec3,0.0,37,0,0
9218640b,0.0,17,0,0
eb352467,0.0,17,0,0
42c63146,0.0,17,0,0
d60ec9ae,0.0,17,0,0
b619d419,0.0,17,0,0
2a43f52f,0.0,17,0,0
b835bd9f,0.0,36,0,0
1bfc733b,0.0,31,0,0
7b917486,0.0,31,0,0
7b917486,0.0,31,0,0
902b404d,0.0,27,1263,0
67c5423d,0.0,27,0,0
d1f14d31,0.0,27,1263,0
35ba0af4,0.0,27,1241,0
b1d8c48c,0.0,27,1263,0
96c5f0e7,0.0,33,0,0
9742afdb,0.0,33,0,0
756bf2a5,0.0,19,1167,0
f84ee6b6,0.0,16,0,0
c52b67aa,0.0,19,1167,0
856b5cf6,0.0,15,0,0
b2216e49,0.0,19,0,0
2f18de18,0.0,5,0,0
2f18de18,0.0,5,0,0
1b49b168,0.0,18,1031,0
7d3c3147,0.0,18,1256,0
314e1c08,0.0,18,1088,0
445b4cb9,0.0,18,1088,0
2d2518f4,0.0,32,0,0
fe8f43da,0.0,15,0,0
a76446d3,0.0,2,1351,0
f51630cc,0.0,2,1336,0
bf61acc6,0.0,15,0,0
7edf9f78,0.0,15,0,0
38b93f3c,0.0,15,0,0
2aec27c0,0.0,15,0,0
ad5bf399,0.0,15,0,0
506a556e,0.0,36,0,0
dcc39fde,0.0,36,0,0
e0b73c8c,0.0,24,1243,0
08f170da,0.0,24,1243,0
6201c7bd,0.0,24,0,0
9e907727,0.0,24,0,0
a8dc96e0,0.0,24,1108,0
a0d025ca,0.0,24,0,0
1507ae46,0.0,24,0,0
e986bdc3,0.0,6,0,0
4e9b1831,0.0,6,0,0
2f49fe53,0.0,6,0,0
e6f24c14,0.0,6,0,0
c3d44e60,0.0,6,0,0
dc2a42e5,0.0,6,0,0
f8c505ee,0.0,6,0,0
d12803cf,0.0,6,0,0
12cbd1a6,0.0,6,0,0
e54060dd,0.0,6,0,0
96dd8d82,0.0,6,0,0
a0d983cf,0.0,6,0,0
46e681e2,0.0,6,0,0
9a89ced3,0.0,6,0,0
9ef73c91,0.0,6,0,0
345ffd69,0.0,6,0,0
d81fd059,0.0,6,0,0
02841042,0.0,27,1187,0
c7033f0f,0.0,27,0,0
d15af0d8,0.0,3,0,0
d1f53dcb,0.0,3,0,0
53994b57,0.0,3,0,0
8c5e0e9a,0.0,3,0,0
746e0609,0.0,3,0,0
a07d1eb8,0.0,2,0,0
afb8894d,0.0,2,0,0
bf294dad,0.0,2,0,0
d96d75b2,0.0,2,0,0
9305917e,0.0,2,0,0
6c65137c,0.0,2,0,0
9bc8d8d5,0.0,2,0,0
e22627bd,0.0,2,0,0
bbae7748,0.0,2,0,0
4c3f765b,0.0,2,0,0
257e8d26,0.0,2,0,0
96ddf9e1,0.0,2,0,0
c5e59a86,0.0,2,0,0
72fe328a,0.0,2,0,0
50642ee5,0.0,2,0,0
8d91578c,0.0,2,0,0
0f04bc37,0.0,2,0,0
6bbfa818,0.0,2,0,0
ccada073,0.0,2,0,0
7f1054da,0.0,2,0,0
6d15e5cb,0.0,2,0,0
11a73c97,0.0,2,0,0
fa0bff3c,0.0,2,0,0
859f66c3,0.0,2,0,0
de03ec7c,0.0,2,0,0
8ec6a40f,0.0,2,0,0
332c788a,0.0,2,0,0
e505a077,0.0,2,0,0
8a4c9dd8,0.0,2,0,0
0f4dda1b,0.0,2,0,0
c8c143c2,0.0,2,0,0
a2fd770c,0.0,2,0,0
c396f5ac,0.0,2,0,0
d6309c14,0.0,2,0,0
c88c0805,0.0,2,0,0
f59838be,0.0,2,0,0
a05bc841,0.0,22,1345,0
4eaf2794,0.0,30,0,0
126108fa,0.0,30,0,0
2e25d2a8,0.0,30,0,0
986c9860,0.0,30,0,0
7d1413b7,0.0,30,0,0
96667802,0.0,30,0,0
03052498,0.0,30,0,0
3bb8b989,0.0,8,0,0
2f261393,0.0,8,0,0
9ad16da4,0.0,8,0,0
a3e82ec3,0.0,10,0,0
57e7740f,0.0,10,0,0
72658998,0.0,10,0,0
157ef2f1,0.0,10,0,0
4c324804,0.0,10,0,0
3f7ab3de,0.0,10,0,0
50789a4c,0.0,10,0,0
c6efdd3b,0.0,10,0,0
b1c8f319,0.0,10,0,0
52d4a23c,0.0,10,0,0
3c6030ab,0.0,10,0,0
2e78bd32,0.0,10,0,0
4451d15e,0.0,10,0,0
ef7495d2,0.0,10,0,0
d4ad3c0f,0.0,10,0,0
43616f9b,0.0,10,0,0
4c57cc29,0.0,10,0,0
de2ed6b6,0.0,10,0,0
c4e88364,0.0,10,0,0
1fa96b4d,0.0,19,0,0
64f15e7e,0.0,18,0,0
36d2caec,0.0,27,1084,0
bb4a2d34,0.0,27,1058,0
e0e5d9b6,0.0,27,1115,0
0925fb9c,0.0,28,1170,0
d745f996,0.0,18,0,0
31866658,0.0,17,0,0
75cb4886,0.0,21,0,0
8ebb931c,0.0,21,0,0
8485d90f,0.0,21,0,0
004d8d0c,0.0,21,0,0
6395aa1d,0.0,6,0,0
c2e3fc49,0.0,21,0,0
622d8808,0.0,33,0,0
e9a54051,0.0,33,0,0
e0a1af6e,0.0,33,0,0
e4b81505,0.0,33,0,0
5acae9dd,0.0,33,0,0
7a955ded,0.0,33,0,0
23a97a68,0.0,33,0,0
6e0b303b,0.0,33,0,0
b2d5e0a0,0.0,34,0,0
8a3c56e2,0.0,16,1406,0
012cbc51,0.0,16,0,0
3ef101fa,0.0,16,0,0
f983e73b,0.0,16,0,0
1291ddd9,0.0,32,0,0
3e678e37,0.0,33,0,0
694715f9,0.0,33,0,0
93a6f75d,0.0,23,0,0
e9960453,0.0,23,1153,0
334fb6c0,0.0,33,1153,0
c99a9843,0.0,36,0,0
f24e6d44,0.0,36,0,0
a34d84c2,0.0,36,1007,0
286b2c4a,0.0,28,0,0
4273f40c,0.0,28,0,0
9c1d4b1c,0.0,19,1174,0
0e7deae8,0.0,19,955,0
07864c88,0.0,16,0,0
1db53f1e,0.0,16,0,0
65b07d19,0.0,16,0,0
167a2edb,0.0,16,0,0
48bdf7f6,0.0,16,0,0
6d0bb6f2,0.0,16,0,0
33fc3182,0.0,16,0,0
e6068197,0.0,16,0,0
82719b57,0.0,16,0,0
9c6e6ce7,0.0,16,0,0
97bc44c8,0.0,16,0,0
bd4e3266,0.0,16,0,0
599258fb,0.0,16,0,0
d2e06b89,0.0,16,0,0
501f6eab,0.0,16,0,0
8b44f0d2,0.0,16,0,0
cb51c19d,0.0,16,0,0
18d31de5,0.0,16,0,0
1b9910a3,0.0,16,0,0
172ca651,0.0,17,0,0
8422e972,0.0,8,0,0
db275b21,0.0,8,0,0
dc446197,0.0,26,0,0
90019999,0.0,26,0,0
54aacbaa,0.0,26,0,0
e9703a89,0.0,26,0,0
58195c5c,0.0,26,0,0
18ef382b,0.0,26,0,0
7196b180,0.0,26,0,0
a3e022e8,0.0,26,0,0
a3e022e8,0.0,26,0,0
36a2f111,0.0,26,0,0
decb419a,0.0,26,0,0
d58c420a,0.0,26,0,0
ec6ac9cc,0.0,26,0,0
5b7118de,0.0,26,0,0
8b338a2a,0.0,21,1386,2467
9ac03d0d,0.0,21,0,0
8b338a2a,0.0,21,0,0
8b338a2a,0.0,21,0,0
8b338a2a,0.0,21,0,0
8b338a2a,0.0,21,0,0
9e5c2347,0.0,21,0,0
8b338a2a,0.0,21,0,0
8b338a2a,0.0,21,0,0
206ef502,0.0,21,0,0
8b338a2a,0.0,21,0,0
c5209009,0.0,21,0,0
eb7d5d02,0.0,21,0,0
30a6639c,0.0,21,0,0
8b338a2a,0.0,21,0,0
8b338a2a,0.0,21,0,0
320a31f7,0.0,21,0,0
8b338a2a,0.0,21,0,0
8b338a2a,0.0,21,0,0
8b338a2a,0.0,21,0,0
8b338a2a,0.0,21,0,0
8b338a2a,0.0,21,0,0
8b338a2a,0.0,21,0,0
8b338a2a,0.0,21,0,0
8b338a2a,0.0,21,0,0
8b338a2a,0.0,21,0,0
8b338a2a,0.0,21,0,0
8b338a2a,0.0,21,0,0
8b338a2a,0.0,21,0,0
8b338a2a,0.0,21,0,0
8b338a2a,0.0,21,0,0
8b338a2a,0.0,21,0,0
46fee811,0.0,21,0,0
38b18a2e,0.0,21,0,0
f71cbfa1,0.0,21,0,0
81b94b21,0.0,21,0,0
8b338a2a,0.0,21,0,0
670ec30e,0.0,21,0,0
eee28392,0.0,21,0,0
7d5ea51d,0.0,21,0,0
b922ab02,0.0,21,0,0
8b338a2a,0.0,21,0,0
c8645761,0.0,21,0,0
1c7352c8,0.0,21,0,0
c26fd227,0.0,21,0,0
db0d8462,0.0,21,0,0
a6e7a59f,0.0,21,0,0
4f4204ae,0.0,26,0,0
b10bb3ad,0.0,18,1292,0
70263d53,0.0,18,1292,0
30523308,0.0,30,1191,0
ac9ba6cf,0.0,36,1279,0
2957dedf,0.0,36,0,0
c9d9395c,0.0,36,1323,1251
c9d9395c,0.0,36,0,0
5b12cf8b,0.0,36,976,0
ad45598a,0.0,7,0,0
c026d79c,0.0,7,0,0
4d941035,0.0,7,0,0
701a8863,0.0,7,0,0
d46817f7,0.0,7,0,0
e142a26e,0.0,7,0,0
3fa20f04,0.0,7,0,0
e5960441,0.0,7,0,0
e49b91fb,0.0,7,0,0
db4f610e,0.0,7,0,0
85cd70bf,0.0,7,0,0
c4daf11f,0.0,7,0,0
f1759621,0.0,7,0,0
171412fa,0.0,7,0,0
03319a53,0.0,7,0,0
27c1615c,0.0,7,0,0
3021eab0,0.0,7,0,0
c77383e6,0.0,7,0,0
8852d9cd,0.0,7,0,0
a4153d68,0.0,7,0,0
070caf96,0.0,7,0,0
9116bfa8,0.0,7,0,0
af99400b,0.0,7,0,0
1ceb3394,0.0,7,0,0
e6bfd4d4,0.0,7,0,0
2cb7f57a,0.0,7,0,0
2ce5f078,0.0,7,0,0
3724d156,0.0,7,0,0
f2850d9d,0.0,7,0,0
e2f3c5e0,0.0,7,0,0
d35ba13d,0.0,7,0,0
97c97c0c,0.0,7,0,0
a3bd3c80,0.0,10,0,0
5f5bf60e,0.0,10,0,0
f994d0b6,0.0,10,0,0
21174d61,0.0,10,0,0
3fb5e9a1,0.0,20,0,0
a4b288fd,0.0,20,0,0
794ac4bc,0.0,20,0,0
39ee14cc,0.0,20,0,0
2c732558,0.0,20,0,0
bc7c7bb8,0.0,20,0,0
619ba2b4,0.0,20,0,0
1506f058,0.0,35,0,0
fc653d20,0.0,7,0,0
0dedf47c,0.0,7,0,0
eab70228,0.0,35,0,0
5408dc35,0.0,35,0,0
1d7d3ece,0.0,35,0,0
6f68281f,0.0,16,0,0
a552be66,0.0,18,1180,0
5364a299,0.0,18,0,0
a29157d8,0.0,18,0,0
2fbcd9e0,0.0,18,0,0
2fa7221f,0.0,18,0,0
4d326853,0.0,18,0,0
99b3c7df,0.0,18,0,0
0d33b001,0.0,26,0,0
b1f73116,0.0,26,0,0
2e6a25e1,0.0,26,1156,0
2e6cde16,0.0,26,0,0
1646e5bd,0.0,26,0,0
f82eda2f,0.0,13,0,0
731de486,0.0,13,0,0
b5c4266d,0.0,13,0,0
c5367942,0.0,13,0,0
8deaf81a,0.0,13,0,0
ca6f339c,0.0,13,0,0
3f111b8a,0.0,13,0,0
94f30d14,0.0,17,0,0
c5a42ae8,0.0,2,0,0
e594004f,0.0,17,0,0
269b44be,0.0,22,0,0
5f33e370,0.0,22,0,0
1ca5b544,0.0,22,0,0
1c6d8f69,0.0,22,0,0
eb549a93,0.0,22,0,0
16ed5134,0.0,22,0,0
16ed5134,0.0,22,0,0
f33bc894,0.0,22,0,0
125fc5e3,0.0,22,0,0
263c2046,0.0,22,0,0
2d507211,0.0,22,0,0
f1aee3ec,0.0,22,0,0
98fe69ae,0.0,22,0,0
41d6f45e,0.0,22,0,0
c6be375b,0.0,22,0,0
247ede63,0.0,22,0,0
cfd0f726,0.0,22,0,0
231b1213,0.0,22,0,0
093a7957,0.0,22,0,0
940c969d,0.0,22,0,0
70a02fee,0.0,22,0,0
c9d5cbd8,0.0,22,0,0
a979e111,0.0,22,0,0
adced2ec,0.0,22,0,0
9328adca,0.0,22,0,0
90ad1fcc,0.0,22,0,0
83c10937,0.0,22,0,0
2b13e479,0.0,22,0,0
85146687,0.0,22,0,0
7aa0afbc,0.0,22,0,0
4da1ef57,0.0,22,0,0
9a9f73eb,0.0,22,0,0
72cef8a9,0.0,22,0,0
a7b6d12b,0.0,22,0,0
e9245984,0.0,22,0,0
8b9dd862,0.0,22,0,0
cf7bb75a,0.0,22,0,0
15337a87,0.0,22,0,0
2d03d7ac,0.0,22,0,0
48f1eb2c,0.0,22,0,0
c3af0ef9,0.0,22,0,0
07d17ede,0.0,22,0,0
1f1eef57,0.0,22,0,0
5135ac36,0.0,22,0,0
c8842ab6,0.0,22,0,0
6aa42f09,0.0,22,0,0
34dee377,0.0,22,0,0
85dbc966,0.0,22,0,0
75ab8e9c,0.0,22,0,0
90367e6f,0.0,22,0,0
80ee95a1,0.0,22,0,0
8ea54c70,0.0,22,0,0
0e6b9574,0.0,22,0,0
af5c4722,0.0,22,0,0
15f220f3,0.0,22,0,0
abfd4c3b,0.0,22,0,0
d8d95898,0.0,22,0,0
2677eb45,0.0,22,0,0
ff28f6ad,0.0,22,0,0
8b32d9a4,0.0,22,0,0
8460f556,0.0,14,0,0
3bc758b6,0.0,14,0,0
0def155d,0.0,14,0,0
6a146220,0.0,14,0,0
d08b101b,0.0,14,0,0
d581c423,0.0,14,0,0
eb75bdd8,0.0,14,0,0
10877f7c,0.0,14,0,0
8ae4bf58,0.0,14,0,0
9394c905,0.0,14,0,0
0928be76,0.0,14,0,0
ba551603,0.0,14,0,0
6fa85e3f,0.0,14,0,0
f08b975e,0.0,14,0,0
5f378c38,0.0,12,0,0
6396727d,0.0,12,0,0
41fece90,0.0,12,0,0
08605678,0.0,12,0,0
6048511c,0.0,12,0,0
49be4e10,0.0,12,0,0
3eadc47a,0.0,12,0,0
7c492d5f,0.0,12,0,0
52f1ff02,0.0,12,0,0
72d22d66,0.0,12,0,0
c579f8b0,0.0,12,0,0
ededdf57,0.0,12,0,0
db3bec7e,0.0,12,0,0
fd4c8b2c,0.0,19,1017,0
fbbb2b39,0.0,19,912,0
f2224330,0.0,19,838,0
f3ffc5aa,0.0,19,704,0
9db49bf6,0.0,19,1045,0
c59f78e3,0.0,6,0,0
6f042f52,0.0,7,0,0
f18b18e2,0.0,7,0,0
834f8574,0.0,31,0,0
6654ead5,0.0,31,0,0
917e5304,0.0,31,0,0
4e442322,0.0,31,0,0
21f1280e,0.0,31,0,0
e283dce3,0.0,31,0,0
ee7ca2c6,0.0,31,0,0
ad264793,0.0,31,0,0
69a1576a,0.0,31,0,0
b9a364b3,0.0,31,0,0
65aef6e0,0.0,31,0,0
f455a1f7,0.0,31,0,0
e9018a66,0.0,31,0,0
d309c682,0.0,31,0,0
26f7080f,0.0,34,0,0
cb3f8b96,0.0,33,0,0
4b5310c3,0.0,33,0,0
15309a67,0.0,33,0,0
2b66d964,0.0,33,0,0
82d62d23,0.0,33,0,0
1aee8f95,0.0,33,0,0
0307ec77,0.0,33,0,0
64341737,0.0,33,0,0
ab61eacb,0.0,33,0,0
a5f65db3,0.0,33,0,0
6b32e714,0.0,33,0,0
c4494231,0.0,33,0,0
137f88d1,0.0,33,0,0
fb127443,0.0,33,0,0
07cdce7c,0.0,33,0,0
2bf699a7,0.0,33,0,0
73a50b9b,0.0,33,0,0
19311db2,0.0,33,0,0
18b90c48,0.0,33,0,0
82bf22c5,0.0,33,0,0
5b8a9c5e,0.0,33,0,0
c1c91461,0.0,33,0,0
1d583d3c,0.0,17,0,0
2621c7fe,0.0,17,0,0
d43e8838,0.0,17,0,0
742e4d32,0.0,17,0,0
5f570deb,0.0,17,0,0
f2f53c31,0.0,17,0,0
df250821,0.0,17,0,0
b5ceecfa,0.0,11,1231,0
36a855c9,0.0,11,1231,0
29c5621f,0.0,11,0,0
2361c737,0.0,11,1231,0
007dff3f,0.0,11,0,0
839b66f4,0.0,11,0,0
7f165c4e,0.0,11,0,0
4273d193,0.0,11,0,0
9582be85,0.0,11,0,0
e5bd6898,0.0,11,0,0
66c45c12,0.0,11,0,0
f2b60b95,0.0,11,0,0
d80b66bf,0.0,11,0,0
e04cf5eb,0.0,11,1231,0
7b1f3203,0.0,11,1231,0
bba40a95,0.0,11,0,0
1b58acd3,0.0,11,0,0
872dcdaf,0.0,11,1220,0
d08ced50,0.0,11,0,0
4dcb9cf9,0.0,11,0,0
6bc147fa,0.0,11,0,0
594f46eb,0.0,11,0,0
b43c6ee4,0.0,19,1120,0
3bfbfa60,0.0,19,1188,0
e79cdae7,0.0,28,1053,0
dd40b80f,0.0,11,0,0
db41633b,0.0,25,1013,0
64118388,0.0,19,0,0
b743aa51,0.0,24,0,0
0c7993da,0.0,24,0,0
217e70b8,0.0,24,0,0
55740012,0.0,24,1265,0
9b2df950,0.0,24,1353,0
eec2ef9b,0.0,24,1265,0
480ed7d5,0.0,24,0,0
ae932683,0.0,24,0,0
6388e1ad,0.0,26,1166,0
35196d4b,0.0,26,1228,0
bd656f61,0.0,26,0,0
2ce02848,0.0,34,0,0
5f21d0ba,0.0,32,0,0
28643c05,0.0,34,0,0
6c2bb16b,0.0,32,0,0
d2fb0c59,0.0,2,0,0
891fa8dd,0.0,20,0,0
973b461d,0.0,20,1257,0
cc346347,0.0,20,0,0
2ee5198d,0.0,20,0,0
bf92f4ad,0.0,20,0,0
77b35948,0.0,20,0,0
d25c08d5,0.0,20,0,0
19082130,0.0,27,1218,0
12d739dc,0.0,27,1149,0
7318b375,0.0,27,1229,0
53c5c34d,0.0,27,1218,0
2aa80aac,0.0,27,1229,0
aa9a61c1,0.0,27,0,0
1938f843,0.0,27,1218,0
11afa947,0.0,27,1229,0
672414db,0.0,34,0,0
c09d1d37,0.0,34,0,0
0cf29a21,0.0,11,1461,916
0cf29a21,0.0,11,0,0
68390a86,0.0,11,0,0
7fc6bb1b,0.0,11,0,0
77bf3ea4,0.0,11,0,0
281b844c,0.0,11,1432,3753
281b844c,0.0,11,0,0
af160d28,0.0,11,0,0
fc052b6a,0.0,11,0,0
c235803e,0.0,11,1180,0
b96d80fc,0.0,23,0,0
01e0c14b,0.0,23,0,0
430a69be,0.0,23,0,0
fb93ebcd,0.0,23,0,0
d16e1595,0.0,28,1104,0
8ff806e5,0.0,32,0,0
36151980,0.0,32,0,0
c742f41b,0.0,36,1251,0
8ce79848,0.0,36,0,0
0501fef4,0.0,36,1266,0
ec46f097,0.0,35,1309,0
3e1537c0,0.0,3,0,0
5eac42da,0.0,3,0,0
300199bb,0.0,3,0,0
646fe218,0.0,3,0,0
bb86ed7e,0.0,3,0,0
5a6ffddd,0.0,3,0,0
64008e1b,0.0,3,0,0
a65f408b,0.0,3,0,0
e6f51790,0.0,33,0,0
9935d6e0,0.0,33,0,0
f491c2a9,0.0,6,0,0
e0e00003,0.0,6,0,0
ce00e286,0.0,6,0,0
dae8eb54,0.0,6,0,0
b0cc6da1,0.0,6,0,0
d12b5850,0.0,6,0,0
4399f4b8,0.0,6,0,0
3e2e955f,0.0,6,0,0
7164c7c5,0.0,11,1248,0
bbb90374,0.0,11,0,0
3468b95d,0.0,11,0,0
71c15b7c,0.0,11,0,0
d33f9c9d,0.0,11,0,0
852abda9,0.0,11,0,0
26db5d81,0.0,11,0,0
895cc3c7,0.0,11,0,0
87c31110,0.0,11,0,0
fc12509e,0.0,11,0,0
7c43c90b,0.0,11,0,0
a1a225bb,0.0,11,0,0
0faf90c3,0.0,11,0,0
9f8b1b41,0.0,34,0,0
b3e4c9af,0.0,34,0,0
7c2cd52f,0.0,32,0,0
5e270896,82430.64000000001,32,1383,1374
5e270896,82430.64000000001,32,0,0
f5b0fe09,0.0,32,0,0
2e0e3096,0.0,32,0,0
fdfcac26,0.0,28,0,0
0a4d2a61,0.0,17,0,0
555b1a3b,0.0,34,0,0
64f63b83,0.0,5,0,0
87bdfa9e,0.0,19,1012,0
1843a3b2,0.0,19,1077,0
6ee22152,0.0,18,0,0
992eb400,0.0,34,0,0
368e3d99,0.0,34,1306,0
434ab665,0.0,34,1306,0
c25e15ed,0.0,34,1196,0
de6f6245,0.0,34,0,0
1af38e11,0.0,34,0,0
050f678a,0.0,30,1161,0
67e47bf1,0.0,11,0,0
67e47bf1,0.0,11,0,0
ff29763a,0.0,11,1453,1286
ff29763a,0.0,11,0,0
9834d1bc,0.0,14,0,0
a2f3bdda,0.0,14,0,0
4eddfe1e,0.0,14,0,0
df81bc51,0.0,14,0,0
c0fd18d9,0.0,14,0,0
c99690fe,0.0,14,0,0
77edbcbd,0.0,22,0,0
d6523cb6,0.0,14,0,0
4fcaf41f,0.0,14,0,0
013dd4f4,0.0,14,0,0
fa4beff7,0.0,14,0,0
f094be04,0.0,14,0,0
683adaab,0.0,14,0,0
bdb36a68,0.0,14,0,0
de959376,0.0,14,0,0
9f78a29d,0.0,14,0,0
537367d5,0.0,14,0,0
5862aad2,0.0,14,0,0
95ad8c7d,0.0,14,0,0
45b274fe,0.0,14,0,0
6ea10ac6,0.0,14,0,0
bb68a4f9,0.0,14,0,0
01e13df8,0.0,14,0,0
7370daec,0.0,14,0,0
c3e7220d,0.0,14,0,0
62ca1362,0.0,14,0,0
761bcf96,0.0,14,0,0
61fa79af,0.0,30,1218,0
ac15c5d9,0.0,30,1173,0
ba2fe3aa,0.0,30,1218,0
cdcf321e,0.0,33,0,0
984785a5,0.0,33,0,0
00731659,0.0,33,0,0
c45e71b8,0.0,33,0,0
d1770881,0.0,33,0,0
a11bab36,0.0,33,0,0
0e544ae7,0.0,28,1241,0
f0b32b01,0.0,28,1298,0
19c094c2,0.0,26,0,0
fd577563,0.0,26,0,0
eaddb5a1,0.0,26,0,0
1312239f,0.0,34,0,0
d729c2b7,0.0,34,0,0
7cadb80c,0.0,34,0,0
7b8ca661,0.0,34,0,0
8eb1aa5f,0.0,14,0,0
464cefea,0.0,14,0,0
c062e1f0,0.0,14,0,0
9963cab6,0.0,14,0,0
ca8394c1,0.0,14,0,0
e8670156,0.0,14,0,0
be107db6,0.0,14,0,0
043aba9f,0.0,14,0,0
99e44821,0.0,14,0,0
41da2215,0.0,14,0,0
bbcc7682,0.0,14,0,0
2f6f76dc,0.0,27,1078,0
fdf3a69a,0.0,27,1212,0
fdf3a69a,0.0,27,0,0
bb2a05d6,0.0,27,0,0
4377ea55,0.0,27,1197,0
cc13d6f3,0.0,29,0,0
6a715160,0.0,14,0,0
d238bdec,0.0,14,0,0
8e0864db,0.0,14,0,0
8cfa0e62,0.0,14,0,0
bd347423,0.0,14,0,0
6c640536,0.0,14,0,0
2cadf2d7,0.0,14,0,0
31a15334,0.0,14,0,0
a3d78f0b,0.0,22,0,0
7714e408,0.0,32,0,0
66af01b4,0.0,32,0,0
feb91479,0.0,32,0,0
856510fb,0.0,17,1166,0
ceecde52,0.0,33,0,0
423c2bb1,0.0,33,0,0
7a4d7d69,0.0,33,0,0
343dbab3,0.0,33,0,0
28e3df19,0.0,33,0,0
880dcfbd,0.0,33,0,0
87e51cb9,0.0,33,0,0
4412f342,0.0,33,0,0
6f307446,0.0,33,0,0
234e5045,0.0,33,0,0
050f1329,0.0,33,0,0
76007553,0.0,9,0,0
95b9f930,0.0,9,0,0
f9395f8b,0.0,9,0,0
a49e5e4c,0.0,9,0,0
4dbc5bc1,0.0,9,0,0
93432e82,0.0,9,0,0
c3517547,0.0,9,0,0
2ac7cc92,0.0,9,0,0
72835dfd,0.0,9,0,0
6089ce29,0.0,9,0,0
46de6b3f,0.0,9,0,0
f372eef3,0.0,16,0,0
fe343f3a,0.0,16,0,0
75f54f6d,0.0,15,0,0
201455ce,0.0,15,0,0
602b2c0b,0.0,15,0,0
602b2c0b,0.0,15,0,0
61a8d240,0.0,34,0,0
6d152fb1,0.0,34,0,0
de2d03ba,0.0,34,0,0
3e6b6d40,0.0,34,0,0
85e38809,0.0,34,0,0
7e318378,0.0,34,0,0
b49bbba5,0.0,34,0,0
092cc62f,0.0,34,0,0
86ecab2b,0.0,34,0,0
9f567179,0.0,34,0,0
04e73f03,0.0,34,0,0
77cd1e6e,0.0,34,0,0
4192a01d,0.0,34,0,0
8e10cbf9,0.0,34,0,0
75d16cb1,0.0,14,0,0
d50ee276,0.0,7,0,0
795a0ef0,0.0,7,0,0
065a2ce3,0.0,7,0,0
6b576c4f,0.0,36,0,0
6b24364c,0.0,17,0,0
33781232,0.0,24,1167,0
7bcd258c,0.0,24,1167,0
483cd521,0.0,36,0,0
de811437,0.0,7,0,0
e888d5cb,0.0,11,0,0
053e1c48,0.0,11,0,0
747569a7,0.0,11,0,0
e1eb05d4,0.0,11,0,0
1344bb4e,0.0,7,0,0
54ba9737,0.0,7,0,0
f9eb9876,0.0,7,0,0
69b36957,0.0,7,0,0
f634138c,0.0,7,0,0
8b4e1f14,0.0,7,0,0
7cdb16c4,0.0,7,0,0
faf32ed6,0.0,7,0,0
2692f0a9,0.0,7,0,0
bff881b8,0.0,7,0,0
135e680d,0.0,7,0,0
f0da6a9e,0.0,7,0,0
eddb10e1,0.0,7,0,0
96a49314,0.0,7,0,0
639288e7,0.0,7,0,0
defcc508,0.0,7,0,0
16c84c6f,0.0,7,0,0
9a1f9b06,0.0,7,0,0
a21dc73a,0.0,7,0,0
cacc6c29,0.0,7,0,0
a0fb8110,0.0,7,0,0
c235f545,0.0,7,0,0
79ea2801,0.0,7,0,0
acf4e001,0.0,16,0,0
0a9ce0ce,0.0,16,1295,0
b17b50a8,0.0,16,0,0
39ac9128,0.0,16,0,0
57cdc5e7,0.0,16,0,0
bb6d622c,0.0,16,0,0
11e21799,0.0,25,1095,0
2b0e8418,0.0,24,0,0
331c9ae9,0.0,23,0,0
ff576615,0.0,22,0,0
ee1bc50f,0.0,10,0,0
c90a2822,0.0,10,0,0
07cae34d,0.0,10,0,0
02242082,0.0,10,0,0
b5ac47d0,0.0,2,0,0
b5ac47d0,0.0,2,0,0
e2a73c8e,0.0,2,0,0
b5ac47d0,0.0,2,0,0
e1986b1b,0.0,2,0,0
b5ac47d0,0.0,2,0,0
74110cba,0.0,5,0,0
25bc256d,0.0,5,0,0
e14bbfef,0.0,2,0,0
78d9bbe7,0.0,14,0,0
a6448348,0.0,14,0,0
f1ae3ed5,0.0,14,0,0
226ceeac,0.0,4,0,0
91311710,0.0,4,0,0
e437ed92,0.0,4,0,0
4515e0dc,0.0,4,0,0
381ee8fd,0.0,4,0,0
def7380b,0.0,4,0,0
c1fc2719,0.0,27,0,0
c8f37193,0.0,26,1328,0
f53456c6,0.0,26,1264,0
9ff23edf,0.0,26,1111,0
5efb4aec,0.0,26,0,0
874c84fd,0.0,26,1281,0
a7e6e6c0,0.0,31,0,0
8af2a82b,0.0,31,1231,0
736db924,0.0,31,0,0
2669eb41,0.0,31,1278,1110
6858522e,0.0,12,0,0
4b427552,0.0,27,0,0
b43c3dc2,0.0,15,0,0
4bd92525,0.0,15,0,0
cbda07a5,0.0,15,0,0
94cf7ff3,0.0,15,0,0
d2781dc7,0.0,15,0,0
5df58c27,0.0,26,0,0
e36020e3,0.0,26,1231,0
3cf0b92a,0.0,32,0,0
8109276e,0.0,23,1153,0
ffe57cc0,0.0,23,1215,0
962da4d4,0.0,36,1211,0
e3845393,0.0,36,1164,0
e8eadf80,0.0,36,1211,0
882838fc,0.0,36,1211,0
085b0fce,0.0,36,1171,0
66939c71,0.0,36,1164,0
8e0e079c,0.0,36,0,0
a6ad56f2,0.0,36,1244,0
2db0ca11,0.0,36,1244,0
8fe086ff,0.0,7,0,0
65eef0c2,0.0,3,0,0
1cce37af,0.0,3,0,0
fe768715,0.0,3,0,0
0a743039,0.0,3,0,0
494ebb9d,0.0,36,868,0
8eee1d48,0.0,36,1152,0
d833e910,0.0,32,0,0
92afed1a,0.0,32,0,0
6510abd1,0.0,28,1064,0
0dbba574,0.0,18,0,0
e5e0e3aa,0.0,18,1309,0
065def6c,0.0,18,0,0
aadc4cf3,0.0,15,0,0
ad107612,0.0,15,0,0
8c13bcd6,0.0,15,0,0
19868f25,0.0,15,0,0
0a0409c1,0.0,13,0,0
f086079e,0.0,13,0,0
00af9fde,0.0,13,0,0
1cd741ef,0.0,13,0,0
b01bed9d,0.0,13,0,0
9dc38006,0.0,13,0,0
88bac0d5,0.0,13,0,0
198b7f3e,0.0,28,1079,0
aceb14a6,0.0,36,0,0
4a7bcd0b,0.0,36,0,0
e7c0401c,0.0,36,0,0
06082e2c,0.0,36,1140,0
bb6569c1,0.0,36,0,0
d1781882,0.0,36,0,0
db5babfa,0.0,36,0,0
a04b5762,0.0,36,1168,0
97992a92,0.0,36,1168,0
539b0fe5,0.0,16,0,0
4f5a9f8c,0.0,33,0,0
cc38b235,0.0,33,0,0
6bed02c0,0.0,33,0,0
1f76c20d,0.0,33,0,0
246d4aff,0.0,32,1160,0
0cb96ac5,0.0,32,1187,0
02b67b17,0.0,32,0,0
8c1291d5,0.0,7,0,0
aa2b59b9,0.0,17,1289,0
87816583,0.0,17,0,0
712a29e1,0.0,17,0,0
5d7e8e60,0.0,17,0,0
b2df73f0,0.0,17,0,0
5d6e73d9,0.0,17,0,0
61934dc0,0.0,17,0,0
3580c010,0.0,23,0,0
0a85fa45,0.0,24,0,0
9ac36216,0.0,23,0,0
f73bad48,0.0,23,0,0
aa907f8b,0.0,24,0,0
4acf23ba,0.0,33,0,0
b99a6305,0.0,33,0,0
c954ce78,0.0,33,0,0
869b23fe,0.0,33,0,0
5d4d0d30,0.0,33,0,0
cfd0358c,0.0,7,0,0
9169876f,0.0,7,0,0
cfd004eb,0.0,7,0,0
99836130,0.0,7,0,0
27fe0b08,0.0,7,0,0
21817fc3,0.0,7,0,0
9b6783fd,0.0,7,0,0
75dcd03f,0.0,7,0,0
961521f8,0.0,7,0,0
e80e1fd5,0.0,7,0,0
ce8e8ebe,0.0,7,0,0
517bda3f,0.0,7,0,0
d3474de3,0.0,7,0,0
2c2a4418,0.0,7,0,0
7769fef6,0.0,7,0,0
fe1841cb,0.0,7,0,0
c3700cfe,0.0,33,0,0
90f6167c,0.0,33,0,0
c98fcef1,0.0,33,0,0
3dbba98d,0.0,33,0,0
80ff7062,0.0,33,0,0
33332310,0.0,33,0,0
63185be1,0.0,33,0,0
c265aa69,0.0,33,0,0
5c84b2ac,0.0,7,0,0
3f4e07d6,0.0,7,0,0
231485e1,0.0,7,0,0
801332b5,0.0,7,0,0
41090223,0.0,23,0,0
ede2ca6c,0.0,23,0,0
afc7faaa,0.0,22,0,0
edcaa3d3,0.0,23,0,0
d096de26,0.0,14,1308,0
8a7352ac,0.0,14,1338,0
ed6f0b4c,0.0,14,1241,0
e5556cbd,0.0,14,1338,0
d7d0161c,0.0,14,1272,0
bce96feb,0.0,14,0,0
c44d8055,0.0,14,0,0
62de3e82,0.0,14,1338,0
3f7f07a1,0.0,14,0,0
f698ebaa,0.0,14,0,0
2374066f,0.0,14,0,0
06187200,0.0,14,0,0
91996bfc,0.0,14,0,0
403cb0e2,0.0,14,0,0
0aa2b80e,0.0,19,0,0
0c7c47e0,0.0,19,0,0
2fe0dea8,0.0,14,0,0
97ae1edd,0.0,14,0,0
7df65c88,0.0,14,0,0
fcf5b548,0.0,14,0,0
25513cde,0.0,14,0,0
0c46eee9,0.0,14,0,0
699184d6,0.0,14,0,0
5e404627,0.0,27,0,0
83f14b26,0.0,2,0,0
725f178e,0.0,2,0,0
e21e96b3,0.0,17,0,0
aed19e44,0.0,17,0,0
1018b706,0.0,17,0,0
3561b94e,0.0,17,0,0
c1573762,0.0,17,0,0
61d6a3af,0.0,17,0,0
695c315c,0.0,17,0,0
e962de61,0.0,17,0,0
2f1e9d7d,0.0,17,0,0
e7f3a8de,0.0,17,0,0
9215189b,0.0,17,0,0
57ab7471,0.0,17,0,0
b78032f6,0.0,17,0,0
63eaa676,0.0,17,0,0
decdf200,0.0,17,0,0
88916ec7,0.0,17,0,0
6a2e9575,0.0,17,0,0
b5753d49,0.0,17,0,0
0dd39097,0.0,17,1144,0
ce93bb67,0.0,17,0,0
d833e910,0.0,32,0,0
eb5972bf,0.0,18,0,0
d956035f,0.0,18,0,0
8cf8394c,0.0,31,1192,0
3623d114,0.0,31,998,0
7d3edbdb,0.0,23,0,0
dc121800,0.0,29,1154,0
56ce825d,0.0,29,1212,0
b71354d9,0.0,32,0,0
30c5c23c,0.0,5,0,0
2f077e64,0.0,5,0,0
b8dadf8b,0.0,5,0,0
67cd402b,0.0,5,0,0
87e17f64,0.0,5,0,0
b7b9ffe7,0.0,5,0,0
3b688ad4,0.0,5,0,0
0bc6e31e,0.0,5,0,0
7448f224,0.0,5,0,0
460c8346,0.0,5,0,0
c5473fd9,0.0,5,0,0
a0b08041,0.0,5,0,0
f1a7854d,0.0,5,0,0
37f003da,0.0,5,0,0
fdb50074,0.0,5,0,0
5c5ac546,0.0,5,0,0
acc9a35a,0.0,5,0,0
920a1bf7,0.0,5,0,0
d08b2de0,0.0,5,0,0
21727894,0.0,5,0,0
5d274b2c,0.0,5,0,0
ecae90fa,0.0,5,0,0
ff1c5096,0.0,5,0,0
9e7b4a8a,0.0,5,0,0
940fb932,0.0,5,0,0
6bfe3aae,0.0,5,0,0
71b6a057,0.0,31,0,0
b1469a61,0.0,32,0,0
8687f28a,0.0,8,0,0
77452b0e,0.0,8,0,0
60366b02,0.0,8,0,0
a929e10c,0.0,8,0,0
51a448e4,0.0,8,0,0
023cf564,0.0,8,0,0
0de64d1f,0.0,8,0,0
05770e54,0.0,8,0,0
8d51f049,0.0,8,0,0
1d26a0ea,0.0,32,0,0
f6a6ef64,0.0,31,0,0
c07b1ba6,0.0,16,0,0
183d3d60,0.0,16,0,0
2df73105,0.0,16,0,0
b634ba39,0.0,5,0,0
dcf15590,0.0,5,0,0
9f9afb58,0.0,5,0,0
7ef8a28d,0.0,5,0,0
05826ea6,0.0,5,0,0
e814e4d0,0.0,2,0,0
34975f2d,0.0,16,0,0
c24b5310,0.0,16,0,0
d833e910,0.0,32,0,0
a99f7a0b,0.0,32,0,0
2cca23e6,0.0,32,1168,0
eba73a65,0.0,32,1205,0
bc5e4184,0.0,32,0,0
d2fb0c59,0.0,2,0,0
5f133c5c,0.0,25,0,0
d797020c,0.0,25,0,0
e2198d96,0.0,25,0,0
f331a184,0.0,25,0,0
e9bedc52,0.0,25,0,0
4ce0d95f,0.0,25,0,0
e2a5390a,0.0,25,0,0
a9349ee8,0.0,25,0,0
a69c1e7b,0.0,25,0,0
e9ffdf1d,0.0,25,0,0
63fe0945,0.0,25,0,0
c8333ba5,0.0,25,0,0
cfcd84b7,0.0,25,0,0
a1912651,0.0,25,0,0
8c8faee2,0.0,25,0,0
40bd5c0a,0.0,25,0,0
8e89c388,0.0,25,0,0
27540541,0.0,25,0,0
68b29ca7,0.0,25,0,0
e9f3dd14,0.0,25,0,0
d5ffa26a,0.0,5,0,0
098e0fa6,0.0,5,0,0
db18bf02,0.0,5,0,0
fa86d550,0.0,5,0,0
e1fd794c,0.0,5,0,0
3fbf4b73,0.0,5,0,0
edf0c4f7,0.0,5,0,0
46a43b96,0.0,5,0,0
d6c2e383,0.0,5,1203,0
d7fc28e7,0.0,5,1317,0
b17bb8a4,0.0,5,0,0
f4b402cd,0.0,5,0,0
e07e18e4,0.0,5,0,0
434403ec,0.0,5,0,0
e74d6441,0.0,5,0,0
319fd8a0,0.0,5,0,0
17c58519,0.0,5,0,0
0eae8f39,0.0,5,0,0
24c17662,0.0,5,0,0
99d5fac5,0.0,5,0,0
3fe8a76b,0.0,5,0,0
3d3cdb36,0.0,5,0,0
4be09c1c,0.0,5,0,0
4c6c6121,0.0,5,0,0
60ca3560,0.0,5,0,0
02716f0f,0.0,5,0,0
205367da,0.0,5,0,0
b8c535a5,0.0,5,0,0
6f527870,0.0,5,0,0
83f29cbd,0.0,5,0,0
933c8aa7,0.0,25,0,0
acc78f97,0.0,25,0,0
61f66d24,0.0,25,0,0
227c3772,0.0,25,0,0
b4f004ac,0.0,25,0,0
962772f8,0.0,25,0,0
25bb19b7,0.0,25,0,0
65e953e7,0.0,25,0,0
bdd4bbb0,0.0,25,0,0
8b306f75,0.0,25,0,0
267db57c,0.0,25,0,0
77246de5,0.0,25,0,0
72cc06dd,0.0,25,0,0
526378ca,0.0,25,0,0
c0d8eb69,0.0,30,1229,0
57de46fa,0.0,24,1075,0
3458cc48,0.0,24,1032,0
901c71a6,0.0,15,1240,0
65c83237,0.0,15,0,0
aa88472d,0.0,15,1315,0
88b5d217,0.0,15,0,0
737e0eec,0.0,15,1378,0
25c31824,0.0,15,0,0
8abde654,0.0,15,0,0
f1617f82,0.0,14,0,0
aa09885a,0.0,14,0,0
b7d46f65,0.0,14,0,0
e26a1ff5,0.0,14,0,0
0f073eab,0.0,14,0,0
a006f8bd,0.0,14,0,0
7d739a2a,0.0,14,0,0
ed73dc86,0.0,14,0,0
3298db39,0.0,14,0,0
e71cfae4,0.0,14,0,0
6d58a2c2,0.0,14,0,0
8ccdd0e7,0.0,14,0,0
522a8074,0.0,14,0,0
e40682a3,0.0,14,0,0
d08399c1,0.0,14,1322,0
d88b0682,0.0,14,0,0
8a070e3c,0.0,14,0,0
e9b51bfd,0.0,14,0,0
7aa9471e,0.0,14,0,0
19f2eaef,0.0,14,0,0
89b97cab,0.0,14,0,0
5841f84e,0.0,14,0,0
69b3a179,0.0,26,0,0
97379485,0.0,27,0,0
7c5628a5,0.0,25,0,0
e1000198,0.0,25,0,0
6e595595,0.0,25,0,0
649d94db,0.0,25,0,0
9b4cee20,0.0,25,0,0
cc35c295,0.0,25,0,0
654c6ce1,0.0,25,0,0
4f6857bc,0.0,25,0,0
d83a04a0,0.0,25,0,0
386940ac,0.0,25,0,0
eb428c0d,13692.480000000001,2,1287,1586
ce32b066,0.0,22,0,0
9d2b5bdc,0.0,25,0,0
01b7dd01,0.0,25,0,0
94ba3ee7,0.0,25,0,0
cb01bebc,0.0,25,0,0
350b6f4f,0.0,25,0,0
2323c62b,0.0,25,0,0
0d292f8d,0.0,25,0,0
2549a754,0.0,25,0,0
6a865d89,0.0,25,0,0
35a0c1a7,0.0,25,0,0
5b6c728b,0.0,2,0,0
f199833e,0.0,9,0,0
c8e2eeaf,0.0,9,0,0
fb1c9876,0.0,2,0,0
ce7e0f37,0.0,2,0,0
f2dcac7e,0.0,2,0,0
379a2257,0.0,2,0,0
43928395,0.0,2,0,0
d3871f66,0.0,2,0,0
8d9664bf,0.0,2,0,0
857e41ae,0.0,2,0,0
7f97da80,0.0,2,0,0
bd1b3a17,0.0,2,0,0
782120d5,0.0,30,0,0
48d25c7f,0.0,30,0,0
2a9698b5,0.0,20,0,0
bcc44dc5,0.0,20,0,0
d18bb45f,0.0,20,0,0
539c0162,0.0,20,0,0
add58fd5,0.0,20,0,0
7523e8d4,0.0,20,0,0
60d7486e,0.0,20,0,0
1ecd9c50,0.0,20,0,0
5485ac83,0.0,20,0,0
0f2c9a8e,0.0,20,0,0
877926a8,0.0,20,0,0
a0100b2a,0.0,20,0,0
025d3663,0.0,20,0,0
58bcc232,0.0,20,1128,0
79194a43,0.0,20,0,0
5392a030,0.0,20,0,0
bcf58f48,0.0,20,0,0
fcf7b49e,0.0,20,0,0
be24b319,0.0,20,0,0
4c1d418a,0.0,20,0,0
8d9cb0a1,0.0,20,0,0
62bc9137,0.0,20,0,0
0977e3ea,0.0,20,0,0
7366bc63,0.0,20,0,0
f47d2f7e,0.0,20,0,0
23ddef9a,0.0,20,0,0
225ab815,0.0,20,0,0
bea19812,0.0,20,0,0
9c891397,0.0,20,0,0
778f192b,0.0,20,0,0
363aa87d,0.0,20,0,0
45eb2ba7,0.0,20,0,0
34f9872f,0.0,20,0,0
17c7f1e8,0.0,20,0,0
a7e8fcea,0.0,20,0,0
d34efb9c,0.0,20,0,0
db25e339,0.0,20,0,0
bef7a440,0.0,20,0,0
59cb32a5,0.0,20,0,0
89115b95,0.0,20,0,0
3b0939c4,0.0,20,0,0
f9e42a34,0.0,20,0,0
603f83e1,0.0,20,0,0
ab35d17e,0.0,20,0,0
8a041e44,0.0,20,0,0
f7c209fa,0.0,20,0,0
444f2fd5,0.0,20,0,0
f591c188,0.0,20,0,0
750d0d69,0.0,20,0,0
f908b1be,0.0,20,0,0
d8e4f719,0.0,20,0,0
78a36bac,0.0,20,0,0
84863ff5,0.0,20,0,0
0892e395,0.0,20,0,0
1e7d51ae,0.0,20,0,0
fc1f8bae,0.0,20,0,0
cf419845,0.0,20,1206,0
9a4c6311,0.0,20,0,0
ed1c66bd,0.0,20,0,0
651da48f,0.0,20,0,0
828fb545,0.0,20,0,0
ad6482a2,0.0,20,0,0
c1dfcbf6,0.0,20,0,0
da633582,0.0,14,0,0
14d23f2e,0.0,14,0,0
f4f55107,0.0,14,0,0
044dd179,0.0,14,0,0
5bdb19ad,0.0,14,0,0
5e4f95bf,0.0,14,0,0
f5413633,0.0,14,0,0
7862d3c8,0.0,14,0,0
32667ff4,0.0,14,0,0
6163625f,0.0,14,0,0
41bcfa17,0.0,14,0,0
1ef65af0,0.0,14,0,0
285bf29f,0.0,4,0,0
497687ba,0.0,4,0,0
5c704a21,0.0,22,0,0
f96f96fd,0.0,14,0,0
572e1877,0.0,14,0,0
6712e9ab,0.0,14,0,0
502efdf2,0.0,14,0,0
1bbbd900,0.0,14,0,0
f42fa5d1,0.0,14,0,0
7ac726a8,0.0,34,0,0
a114101d,0.0,34,0,0
d3ec07f4,0.0,34,1195,0
6f640d13,0.0,11,0,0
527309e2,0.0,11,0,0
cb098c01,0.0,11,0,0
d96b241f,0.0,11,0,0
305fc973,0.0,11,0,0
ea4db06b,0.0,11,0,0
0d9f97a2,0.0,16,0,0
6a0aa0cf,0.0,16,0,0
de24da3a,0.0,16,0,0
af7212b5,0.0,16,0,0
7b45d8ce,0.0,16,0,0
a887622b,0.0,16,0,0
607573e1,0.0,16,0,0
48dc1b5a,0.0,16,0,0
681f4554,0.0,16,0,0
187f7927,0.0,16,0,0
93d08235,0.0,16,0,0
c03b0b29,0.0,16,0,0
b7d8e8f7,0.0,16,0,0
16181575,0.0,16,0,0
58657f06,0.0,16,0,0
97e3c1aa,0.0,16,0,0
f65c5755,0.0,16,0,0
ff69d0ca,0.0,16,0,0
0b713026,0.0,16,0,0
ff24c224,0.0,16,0,0
6d803eae,0.0,14,0,0
31169242,0.0,14,0,0
960a6a8c,0.0,16,0,0
e7daac75,0.0,16,0,0
6b289d80,0.0,16,0,0
87432d5d,0.0,16,0,0
8fd26cd7,0.0,14,1443,1233
8fd26cd7,0.0,14,0,0
a9c7984c,0.0,22,0,0
51c7a35b,0.0,34,0,0
a37803b8,0.0,34,0,0
620d8cef,0.0,34,0,0
37e30db7,0.0,34,0,0
d09d5ecd,0.0,15,1481,3154
d09d5ecd,0.0,15,0,0
7ac53e18,0.0,15,1378,0
3b65722b,0.0,36,1334,0
1b8d04bf,0.0,36,0,0
695cac91,0.0,36,1334,0
c839c3cf,0.0,39,0,0
3d129ddf,0.0,39,0,0
aab3cf68,0.0,5,0,0
67d324e0,0.0,5,0,0
496f3798,0.0,4,0,0
c18905fb,0.0,5,0,0
144e398e,0.0,5,0,0
9d18dc91,0.0,5,0,0
dc9ee6d3,0.0,5,0,0
6b5d5f2d,0.0,5,0,0
a2596118,0.0,5,0,0
0b8d7406,0.0,5,0,0
98535bc3,0.0,5,0,0
988357a4,0.0,5,0,0
751989fa,0.0,5,0,0
0055f25f,0.0,5,0,0
a6da44ec,0.0,22,0,0
8802aeb3,0.0,22,0,0
05477bd4,0.0,22,0,0
1ffb045d,0.0,22,0,0
39e3c3b7,0.0,22,0,0
245fe5f1,0.0,22,0,0
26b6a62f,0.0,22,0,0
37bd5e8a,0.0,22,0,0
78adfbdc,0.0,22,0,0
6b824186,0.0,22,0,0
c457fe34,0.0,22,0,0
4e80a26d,0.0,13,0,0
59acfaed,0.0,13,0,0
8ac53eec,0.0,13,0,0
edfc278f,0.0,13,0,0
55bc7629,0.0,13,0,0
bdbe8994,0.0,18,879,0
c8b49dc1,0.0,30,0,0
3ab74c33,0.0,33,0,0
f1d3eb89,0.0,34,0,0
f4360261,0.0,34,1200,0
44a6dc99,0.0,34,1267,0
e27627f5,0.0,34,1267,0
128baf24,0.0,34,1241,0
62f43c79,0.0,34,0,0
d362ccde,0.0,2,0,0
bc349b7c,0.0,2,0,0
ae3e7a6a,0.0,2,0,0
0bdaf9e5,0.0,3,0,0
c89a853d,0.0,3,0,0
288d1dc2,0.0,12,0,0
0185d171,0.0,12,0,0
c579b0cd,0.0,12,0,0
3b281db5,0.0,12,0,0
931e62e7,0.0,12,0,0
6e7f73d6,0.0,12,0,0
fe40c23b,0.0,12,0,0
6670a29a,0.0,12,0,0
7bf8a69c,0.0,12,0,0
00a86249,0.0,12,0,0
b9b7a6d4,0.0,12,0,0
d330c63b,0.0,12,0,0
d2057d86,0.0,12,0,0
e7ce3e2f,0.0,12,0,0
8a837a38,0.0,12,0,0
8de3eec1,0.0,12,0,0
663211bb,0.0,12,0,0
eb306419,0.0,12,0,0
404aaa76,0.0,12,0,0
98165458,0.0,12,0,0
4f58e3c2,0.0,12,0,0
79d2263d,0.0,12,0,0
299199cb,0.0,12,0,0
d1400eaa,0.0,12,0,0
cf336177,0.0,2,0,0
f88dd15f,0.0,17,0,0
8cedf4dd,0.0,17,0,0
aba3f717,0.0,16,0,0
d974b165,0.0,17,0,0
fbe10ad5,0.0,17,0,0
de098faa,0.0,17,0,0
e25d75b7,0.0,36,0,0
d4d43b13,0.0,36,1476,0
d348fd23,0.0,36,1243,0
55cc32be,0.0,16,0,0
ee9b4171,0.0,16,0,0
991ae894,0.0,34,0,0
e26c002a,0.0,34,0,0
f8443d2c,0.0,34,0,0
a389c7b2,0.0,30,1249,0
98094ed6,0.0,24,1446,0
43091ce1,0.0,24,0,0
eb27bec9,0.0,24,0,0
b1ad33e3,0.0,24,0,0
4a4cf3b1,0.0,24,1446,0
63e86e1c,0.0,24,0,0
4c5903e5,0.0,24,0,0
8abef620,0.0,24,0,0
ccf195c0,0.0,24,0,0
08d6b57a,0.0,27,0,0
aaacf84e,0.0,27,0,0
1a2f3eb4,0.0,27,0,0
e700bbfb,0.0,27,0,0
d83ed2d3,0.0,32,0,0
27e8b280,0.0,33,0,0
855f8302,0.0,33,0,0
60ac8e4b,0.0,33,0,0
8589bbb7,0.0,33,0,0
cbd8ce56,0.0,14,0,0
5a2c5c2f,0.0,16,0,0
5288c1b8,0.0,16,0,0
a015026f,0.0,7,0,0
3e841192,0.0,7,0,0
f7a86407,0.0,7,0,0
be7b9e7b,0.0,7,0,0
658ff607,0.0,28,1079,0
65f2fb80,0.0,34,0,0
c47c8b08,0.0,34,0,0
3e9b743f,0.0,34,0,0
82eb3cc3,0.0,11,0,0
cc64144b,0.0,11,0,0
b2460824,0.0,11,0,0
fdbcebd3,0.0,11,0,0
a5d073ea,0.0,11,0,0
815204ec,0.0,11,0,0
a92fbb23,0.0,11,0,0
41905a3c,0.0,11,0,0
1bc92d62,0.0,11,0,0
6b1b36b9,0.0,11,0,0
8fa77f83,0.0,11,0,0
5bbd6276,0.0,11,0,0
71ef2ac4,0.0,11,0,0
a51ab07d,0.0,11,1460,2801
a51ab07d,0.0,11,0,0
cecaa76f,0.0,11,0,0
80142e53,0.0,11,0,0
da1d28a7,0.0,11,0,0
9ee65818,0.0,11,0,0
f303ed7a,0.0,11,0,0
325b72ae,0.0,11,0,0
e3a9ba31,0.0,11,0,0
38f4ad6b,0.0,11,0,0
738d250d,0.0,11,0,0
82db5bb0,0.0,11,0,0
82db5bb0,0.0,11,0,0
82db5bb0,0.0,11,0,0
9f9c78d3,0.0,11,0,0
113e9709,0.0,11,0,0
d3c3d753,0.0,11,0,0
e9594670,0.0,11,0,0
241e2c50,0.0,11,0,0
ca346838,0.0,11,0,0
027805ed,0.0,11,0,0
2d670cd0,0.0,18,811,0
33facf7d,0.0,17,1165,0
d52b703b,0.0,18,811,0
0f3516dd,0.0,18,811,0
e87f8d02,0.0,17,863,0
979648d5,0.0,21,0,0
3fac9968,0.0,10,0,0
b4edc55a,0.0,39,0,0
800edc2e,0.0,27,0,0
f001d5af,0.0,35,0,0
82bdbc6d,0.0,35,0,0
c09d023f,0.0,35,0,0
c023c382,0.0,36,0,0
09ef9c92,0.0,4,0,0
c885d6b9,0.0,4,0,0
721590a2,0.0,7,0,0
31397e95,0.0,7,0,0
29bb5758,0.0,7,0,0
4bd11be6,0.0,7,0,0
eb428c0d,13692.480000000001,2,0,0
927f27b2,0.0,2,0,0
315252ce,0.0,34,0,0
1800eede,0.0,34,0,0
4e1a3b8e,0.0,36,1156,0
efa12176,0.0,36,0,0
a440215f,0.0,36,0,0
063dc61f,0.0,2,0,0
5d328476,0.0,2,0,0
c32d13a7,0.0,31,0,0
9e6d5dab,0.0,31,0,0
def30587,0.0,31,0,0
10ce9fae,0.0,25,1344,0
0439f9b3,0.0,28,0,0
176e1b99,0.0,32,0,0
570114d4,0.0,22,0,0
723f8998,0.0,19,1383,1216
723f8998,0.0,19,0,0
21a3cfa5,0.0,19,0,0
02f3d061,0.0,19,0,0
2669eb41,0.0,31,0,0
2669eb41,0.0,31,0,0
