house_id,total_gas_usage
569aaf4b,21377.519999999997
5edb8c2b,11194.56
399ac66c,32842.08
72be14aa,38517.84000000001
17013f80,104817.6
18f1daf5,25698.239999999998
f21423f0,38128.32000000001
a99e365d,11985.119999999999
c8d2352d,24307.920000000002
6c40ece7,20077.920000000002
b0d910d9,24433.199999999997
44f1b9f3,18655.92
20efba60,39690.719999999994
bed617be,24618.239999999998
37a5ae24,26519.039999999997
55aad0b1,49919.759999999995
000fe7ba,35992.08
2cf6190e,18531.36
0d12f2a9,38502.71999999999
c73e96d2,18912.239999999998
e0141bf2,25097.040000000005
dec094c1,41711.759999999995
53c0a6be,19643.760000000002
64910021,42868.799999999996
5977176c,21937.68
445a5d52,16000.560000000001
c10abddb,23253.120000000003
be2d2305,30829.680000000004
c5988d9b,33919.200000000004
b590e55f,25604.640000000003
01699cd1,33638.4
bf66339e,25850.159999999996
376d88fb,32559.839999999997
2eddf669,36709.92
66b9f47a,43574.4
d0e8416b,36115.92
68804a61,33886.799999999996
135afd08,34876.8
d09c7764,21921.12
c109f9ff,17550.0
ba141335,25125.120000000003
b58c0ce3,6029.279999999999
a602dc54,38552.4
ebb6aac2,729327.6000000001
f49a40a7,31902.479999999996
c4ea6ba3,34061.759999999995
441a2a56,23163.840000000004
9b089c80,22408.560000000005
c038a5f0,27067.679999999993
a708c4b7,81970.19999999998
342b3bfc,32884.56
d4940612,35374.32
70a0e55e,40850.64
24169599,40944.24
ca0f7a4b,38923.19999999999
058354b3,20409.839999999997
72babab8,39180.240000000005
8187ab4e,7635.6
498c977d,18965.52
004ce2ed,36475.92
01df7653,25310.160000000003
3b21725e,34859.520000000004
3446659d,30438.0
c685f51d,27270.000000000004
5e75ab58,87012.0
48aba68a,23222.16
64869c44,21075.84
715b9a87,17175.6
84704ad6,10458.72
89a35b27,33306.479999999996
1b006dd0,4842.72
b003f3da,20965.68
7d1ffb12,8472.960000000001
9fb714a6,136589.75999999998
a31716c9,1258.56
6211d87a,39138.479999999996
0e1191ea,42743.52
006c1be9,20530.08
7d54c7c5,30038.399999999994
d2c0d9c1,31499.280000000002
eee6f669,31696.559999999994
6502674a,17864.64
a3330060,21818.159999999996
099a43c5,33516.0
d257055d,51437.52
c47a6ce3,54951.84
30f70b4d,28611.36
a06e40b7,41689.44
112387eb,33073.2
7197bc54,60393.599999999984
e8c09847,48258.0
5c1e541d,46321.19999999999
caa082da,37379.520000000004
a3e15b7e,81174.23999999999
1794e678,81763.92
2215832d,22374.719999999994
5017980a,84398.4
c8300564,19123.199999999997
69f65c33,64437.84
46ab8d86,31333.68
36cf6e96,35462.16
17f9030a,26048.16
40669cf0,12703.68
31f5397d,21810.96
0118f65f,31248.0
603f5d8e,198748.80000000002
43c5b55b,30550.32
d291ee7d,39718.08
d3b70c46,5972.76
e1c934cb,49552.55999999999
f8395424,57664.08000000001
efe2ce13,42777.36
92385009,44946.0
9b41e5eb,21388.320000000003
46c9ed9f,36509.76000000001
17f66184,35069.03999999999
924697f6,39839.04
4061967b,28374.48
243f749a,60464.880000000005
01370d30,28825.199999999997
6a8c8415,31136.400000000005
fc28fd60,22012.56
727451fa,15974.64
ef660a48,92165.4
605578cb,39024.0
fd7ab161,31436.64
96edc40b,37517.76
bda58908,29106.720000000005
386b942b,44940.240000000005
9dbe652e,26041.68
e70b16be,20522.160000000003
3c80fda5,24338.160000000003
83f9303c,33089.04
44c7522d,27919.439999999995
5e886b64,15283.439999999999
73c803a9,29100.239999999998
68037ffc,129.60000000000002
de42dec2,50895.36000000001
4b9ca1d4,20740.32
70d9d8a2,30207.600000000002
85f6823b,31551.120000000003
c52bb082,49985.28
0abf1ead,49929.12
5b5d54fb,24536.160000000003
5f2e7f80,36914.4
46c13271,12114.720000000001
edc329f1,76288.32
8dd2ed4b,27776.879999999997
88c17ce5,55897.920000000006
93cfe218,81020.88
ab982207,44617.67999999999
8cb6f392,53082.72
5cc5b136,17164.08
fb4a4754,33376.31999999999
78cb085f,26892.72
af96ebaf,87250.31999999999
76c3d1dc,41349.600000000006
8dd9ba0e,14742.0
0baff45d,11925.360000000002
6f66a229,74758.32
c7f44728,12491.999999999998
e5886e05,34555.68
8b1432ce,65185.92
8c40ffe2,57054.23999999999
3d6705e8,7418.880000000002
bab8e5bc,11620.079999999998
bb22525f,36956.880000000005
bc24d947,50752.79999999999
82b368bb,43315.92
999e7fe2,36954.0
75290779,19528.560000000005
fe312d81,25086.96
13d85cb8,34235.28
6ebfe16f,47180.16
3082015a,42320.16
04e4d477,23469.839999999997
1e9e5f74,30096.72
2106025d,33660.72
b79fb835,23119.2
2ba90df6,15737.04
4dd0c8c3,13091.760000000002
938f6bf6,17228.159999999996
c8531b71,32443.2
bd9fe20f,24286.320000000007
52bdc8a4,15925.68
0037acfd,49197.6
a571e587,39152.159999999996
43d6c428,30679.92
6e1c1952,139032.0
da0fe1ba,57524.400000000016
c22fefaa,5806.800000000001
77eb9fe1,22234.319999999996
c71d8ba5,21993.839999999997
2fb8d30f,47764.08
988d0131,1272.96
93b69118,58062.240000000005
451e94fe,93005.28000000001
1ca8c4a5,37151.28
1e39428e,398520.0
38f3e825,38412.72
200f45a9,44383.68000000001
1586512b,42789.600000000006
10eb5dd4,24490.08
32c75611,35418.96
951298d2,26249.04
805479b4,32388.48
99bfc90a,95616.0
ae9beab6,24665.04
aecfc689,36034.560000000005
9f3eb507,46712.88
b7b0f7c1,46173.6
4673275b,51874.560000000005
8b3ac2ec,36419.04
f0bbd964,771.1199999999999
a227447b,54282.240000000005
66a4cd45,64093.67999999999
2d888001,35660.16
8a748812,49656.24
6e4c6228,28455.840000000004
9a02a649,19458.719999999998
52e45a74,37324.8
b0c5b1d7,20068.559999999998
1440f537,24533.28
2342449e,28757.520000000004
bb32f7e0,38029.68000000001
099b468a,17278.559999999998
4add7e4e,59156.64
56ddf90f,30998.160000000003
49596f62,36774.0
d0a59736,32270.4
01ee1c89,42774.479999999996
8cfdf236,27187.920000000006
078c1e1a,23307.84
116c8898,10162.799999999997
1edacc0b,15768.720000000001
929e5c88,26946.72
a3dc3b6a,26383.68
0dabd9a2,12004.560000000005
49f79a14,16935.839999999997
5239654f,14071.679999999998
808906b0,23278.32
da237882,34875.35999999999
7338e038,2663.28
b37f76cc,268142.4
e46c1380,67820.40000000001
baecc648,31144.32
3341767a,29599.919999999995
8ef3a4cb,28579.679999999993
eada29c0,31670.64
dfca7e5c,25041.600000000002
77dbfea4,20509.2
14f902b4,47077.200000000004
537bd47d,26169.119999999995
a0c733c3,22462.56
e9b6a65e,16498.08
de7d3b78,20818.08
2da958fd,23970.96
fbf192a8,21489.120000000003
5b5ecfb4,35000.64
23d54d51,17992.08
a410f1de,22944.96
bfe7674f,18501.840000000004
4214d276,23965.92
4342960f,31031.280000000006
d20a6248,6923.52
0884d9d9,62706.240000000005
3e60d39b,20782.079999999998
a496dfa6,43061.759999999995
bd3fba3b,54304.56
b6714a5a,18156.96
d9cf666f,81622.08000000002
f5de38fb,47378.16
b358c3a6,22831.92
3b259913,22882.32
c3301315,126877.68
b292e207,23725.44
2ff462d3,38317.68
c7da6571,29613.600000000002
632d15ad,29747.519999999997
b82f4d30,6205.679999999999
62cb72d6,53565.119999999995
14669935,49705.92
9b6ef923,28410.48
e37d28f6,51491.52
73aac43a,24852.96
acee710e,32850.72
fef6a4d9,28996.56
5bd754f3,26345.519999999997
1e89772e,198948.60000000003
3a5d1935,16038.0
c10f2df3,19347.840000000004
2f55264a,19412.64
29cc39a3,17472.96
b31b282b,20612.88
36502709,31935.600000000006
fe2a77df,25554.239999999998
507e1ca8,27828.0
92109e7d,33643.44
f2ab1e7b,58812.48
4cb240af,17012.880000000005
3197e09a,20868.479999999996
646a67db,38098.08
04992e82,30039.120000000003
a1e528ea,4528.800000000001
9cfa7bda,20608.56
819c2103,46692.72
cfb9c36b,21694.32
587bae1d,50250.95999999999
3e720404,25538.4
67723b31,47043.35999999999
79895d84,8238.24
f3b43a94,4880.88
1e12bb91,29118.96
ce51879c,21735.359999999997
99130369,28796.400000000005
556d2b7e,23145.84
8b0404e3,25093.44
5190e768,36737.28
74ff89ed,632736.0
0d29dcec,1570.32
268f73d0,45767.520000000004
0bead74b,21000.96
cc1aed41,27788.400000000005
8d712405,23225.04
5b9fe263,14846.399999999998
0f029f6f,39741.12
6f3e239f,10328.399999999998
719cfd08,50523.840000000004
d15084f6,50024.88
d5c0f5fa,71092.07999999999
79c8321e,56339.28
b6757ddd,44724.240000000005
2c387be6,71547.84000000001
44f4bae4,9603.36
4ce3d3a3,6214.32
5d8dd7dd,22086.0
0c088dad,40947.12
5c115a2d,26193.600000000002
4b2ef6ed,27254.879999999997
783b0b7b,9188.64
815182cc,56502.72000000001
9e3716ea,50051.52
4d922dad,42364.799999999996
a52ae6d1,1012.32
214a044a,38180.16
69f02c0b,9915.839999999998
8cb3abd5,47893.68000000001
963ac2f7,45125.280000000006
03a23647,57786.48
0e6b586e,21952.079999999998
d08ad4fd,103590.72
0e097c9a,7046.64
d64ed729,30592.799999999996
22253bc9,29347.2
9f2532dd,126884.16
2f68091a,33573.6
08e6df74,19668.96
0b6008cd,25230.96
08387ba9,16189.919999999998
41c269d1,41184.72
c728b5fd,57920.40000000001
225a4a11,32204.879999999997
38c8aaf3,6881.760000000001
e265d120,76159.44
9ede634b,44497.44
67e1153e,26081.28
74317812,29626.560000000005
91f1c001,30711.600000000002
b5a2df9f,37954.799999999996
15cc7719,25230.239999999998
c5124190,42513.84
afc1f9d4,1278.72
ea5a2cd6,29392.560000000005
cdb66280,26309.519999999997
6cd167d3,29286.719999999994
ee8d2d4e,23744.159999999996
59ce1b6c,27757.439999999995
349874aa,32375.519999999997
e49d95d9,22113.359999999997
348c1450,42416.64000000001
700c3ca0,36034.56
a39032e7,32681.520000000004
bee9bd0a,29647.440000000002
9c0427f0,29234.879999999997
3873d7f8,25538.4
2db7d182,45440.64000000001
d40642c1,33703.200000000004
648af36a,16711.92
4a7f63ca,33622.56
b52cfa37,72905.04
95a08043,58289.039999999986
707c326d,22577.76
6618eaa9,32211.36
99874764,21408.48
e6f1a6ca,21484.079999999998
efa8ff42,24250.320000000003
eaaa1b53,30601.44
dc7ff811,45973.44000000001
27d216f9,46833.84
5632b53f,22082.4
6ff1f965,3679.2000000000003
8f865034,43529.759999999995
bbe93389,47764.08
cde0ae31,42369.840000000004
325c13dc,70740.0
6cc87e61,36684.72
2cf32255,40580.64
f1451dc0,35866.799999999996
4eda782f,21472.56
9074c962,27916.559999999998
8b582d9c,29736.72
448bb027,27877.679999999997
8101398b,51821.28
2e58d8eb,31968.0
d7d9f491,93677.04000000001
753882ed,41035.68
5dc4ad06,31282.56
d20383a7,48011.03999999999
c49cb4c2,44437.67999999999
a7674f33,137419.91999999998
ae74d5ec,159850.8
910003f9,2613.6
231af166,13131.36
9e1fa911,33315.119999999995
83f1d419,14348.16
ad6c038e,27704.16
51d2fb3e,41760.72
4b3db5c9,52883.28
1975534f,31116.960000000003
2d39aced,54878.4
7739c413,63801.359999999986
a03c1b16,15686.64
81d071dd,130356.0
d8d8a4ad,21355.2
d511687a,47355.12
fb05fb3f,30309.120000000003
627c2308,36043.200000000004
a509c80e,31481.28000000001
9dfb0bf7,37956.240000000005
285f4fe3,44892.72
bfc44ebb,14374.080000000002
13fac8d6,34628.399999999994
50a4c2fb,41888.16
5d7e25e6,45669.600000000006
a9e48fec,29481.120000000003
378a2af8,53562.96000000001
1aecdfa4,20779.92
984f3ad9,52067.51999999999
1bba972c,52837.2
547b3882,33471.36
b83af915,26647.92
ab70a42f,40004.63999999999
83dabd58,35564.4
79c72c3c,51215.76
1586027c,27459.360000000004
a0f0128c,22933.440000000002
807bf18f,38625.84
10bd7ce9,33514.560000000005
0b56f4ad,13278.240000000002
a9047a10,24632.64
d73ea48d,14987.519999999999
def002a0,20732.4
b8417c12,17179.199999999997
5255ee54,13152.240000000002
68ac6a7b,44413.92
49f0357c,27468.72
c3f94df3,20602.08
62cf6172,21756.239999999998
92c5fe4a,42503.759999999995
3e78b9b0,35499.600000000006
fbf66b5c,43073.28
4743b539,28575.36
3986c2ed,29977.200000000004
f7f459bc,43034.4
e3be7427,17195.760000000002
6270571f,50801.76
f8dc40e3,28143.36
14bd2e3f,36988.56
968c9245,117005.76
75e36feb,16033.68
6c95c2e8,20465.28
e320661a,14727.600000000002
8bd4db3e,27467.28
40ac339b,31509.359999999997
17b05646,40470.479999999996
e3f42aaa,41245.2
268672b8,27509.760000000002
ff8f22b0,13228.560000000001
8b0e711d,44774.64
b7ef004f,27077.04
e27e098f,27298.799999999996
f0cf290f,26128.080000000005
ff39f62f,22574.879999999997
d415638f,31734.720000000005
de8e0cff,25169.76
16810610,21571.2
4658c4c7,19427.04
a84aeaeb,38517.119999999995
37e7901b,49065.12000000001
a55a8be6,27758.159999999993
95da62dd,23513.04
f9b0cd99,7876.8
e9b9474f,13200.48
228468bb,9498.24
767e0088,24100.559999999998
ec4657ac,56298.95999999999
8776043d,20200.32
e9b02e54,16553.52
a5542ccc,31757.040000000005
128046ca,41860.08
01220784,18412.56
8cdc14dc,22330.8
0bc49f7f,22472.640000000003
a148a797,12068.640000000001
deb4e84c,31976.64
48f82e4b,712296.0
3cafe1c1,33160.32000000001
5256a686,25884.000000000004
7d58caa5,20381.04
f65064a2,26163.36
92c3e2c8,36753.84000000001
02acf85c,48702.96000000001
1674281b,34015.67999999999
169e0261,26547.12
d12145d3,23532.480000000003
7497689a,26219.520000000004
acc89b1f,35624.880000000005
3f8f36b9,462042.0
613f4f51,22666.319999999996
57aaf9cf,10882.800000000001
e592b0cd,34549.200000000004
6030363d,11395.44
5e1716cf,19883.52
56e8eb43,42287.04
9706dd47,30156.48
3e818d34,26311.680000000008
68119c4c,12550.32
3fea33b7,26246.159999999996
2f930bd4,45836.64
4d921124,110828.88
072ce1ae,36858.96000000001
8bdb401b,42235.200000000004
80b79b7f,33276.95999999999
ebd9a9ff,31299.120000000003
770c595f,25629.84
269e3a69,28486.800000000003
771a4ca9,27840.239999999998
979799a2,45841.68
9ce93048,23745.6
1f4a8f4c,34608.96000000001
f879e099,26208.0
a789e7a5,32111.28
bc0a1103,36621.36
0098e416,28676.88
d5331f2a,22430.88
2bc3c080,26065.440000000002
856b919a,46930.31999999999
40ae6cd3,3633.84
c25c2334,34661.520000000004
d39377f2,30349.44
690b295d,33471.36
9630bd46,27198.72000000001
b2975f02,18630.72
865188b4,45999.36
e9035fde,12525.120000000003
588fdec0,46630.08
23690a68,36188.64
f3115c78,1454.4
415194fc,29014.559999999998
bedaea8f,42039.36
07e34962,35283.6
3b527139,49612.32000000001
8b81df4d,36343.439999999995
9d607297,48929.04000000001
4d685e21,20602.799999999996
aa329cb2,56581.2
3bc04ee8,44876.16
b043b8ef,10162.800000000001
251c26b1,78628.32
0bc11f7d,57980.87999999999
ad7aff89,24497.28
af001f9a,8624.16
d8df91e3,18971.28
919cb985,670759.2
d8617625,26704.079999999994
dae4ebd8,22219.199999999997
583faac8,32703.120000000003
a9ed98ad,32459.760000000002
c7ae5213,2892.2400000000002
ecccfe84,43035.84000000001
1121313d,42222.24
4a14c595,86062.31999999999
ce0bdb54,83638.07999999999
714d7c69,75299.04000000001
91c49762,38276.64000000001
76f22038,48693.6
7b3330cf,41386.32
48ec5022,32889.6
4ec1d9fe,240372.0
c334a151,32108.399999999998
36689c0f,28596.239999999998
179f55a4,25179.84
d184f4f4,44225.28
2b674b75,67314.95999999999
740fbefc,66677.76
38ac10ac,36064.08
1dcb4df4,68944.32
aca9a06a,79895.52
90bcf210,18333.36
7ccbcd51,40381.2
6d890bc2,7868.159999999999
9d5ab41a,29208.240000000005
1f107991,62102.87999999999
bd279f9a,17772.48
e87e8e1c,34320.95999999999
c9630104,34863.12
f29ce487,22432.319999999996
a770214c,13805.280000000002
66d30d55,14681.52
2cdc8434,24960.239999999998
79d38de9,19212.48
a7a1f0df,21998.160000000003
30917c49,13859.28
2b3ee150,23344.559999999998
5533fc2b,33391.44
bc38bac2,21962.16
e49a8de4,36059.759999999995
272744b6,23237.28
ecc82d12,9784.800000000001
c83cea37,28306.08
98f3261d,35737.92
02c22570,29604.239999999998
ab8924b7,39525.84
bfd2723b,2009.52
d74f8cd3,3391.9200000000005
72ebe43e,33197.04000000001
e4d42ad2,25687.439999999995
cb2b307d,30260.16
01f0f24b,24264.0
c421f13a,24919.2
71c40f1a,47246.399999999994
c7239346,46614.96
07db87ea,58965.83999999999
c72c218b,41119.92
4fc1cfbd,33958.8
60f0f5db,41268.96000000001
c034f29e,37560.96
b4611d3b,35664.479999999996
bfe4fa18,30958.56
94325a90,36907.2
5cdfd3b4,3597.12
d9f01e25,71134.56
f7d332b1,81754.56000000001
9036e2c4,35159.04
7e32be23,134586.0
19cc6780,63096.48000000001
770ba34e,39948.48
df65defe,21404.880000000005
b227687e,37632.96
6b33dc52,28699.92
435c4b7d,20219.039999999997
0a7b3b46,23477.76
d80fb883,28656.0
ac358f1f,14500.799999999997
369e886c,38962.799999999996
03b1e0ec,23526.0
9196ae6e,27230.4
fa06b9f3,57249.36000000001
1be3eb1b,42758.64
0e1b13ee,21498.480000000003
8ee99b3b,37578.24
99068dc0,1303.1999999999998
2452c58b,18669.600000000002
e7a5f1f0,27268.56
daebc6a5,49038.479999999996
4b04194d,29042.640000000003
e0629934,14332.32
d84fc687,25516.08
5166714e,50959.43999999999
6b154f08,56481.84000000001
badbace4,23623.2
fa1f0c8e,26564.399999999998
e2a280e4,32321.519999999993
15fbef67,36190.08
06bb0f05,24877.44
50eb8acd,64172.15999999999
ceefb206,18398.880000000005
6a1cc5e3,28720.08
6d2e34ae,32538.96
3ade02d7,19568.88
6cb6622c,36561.600000000006
ee41986f,38566.08
f54651de,28850.399999999994
690ff725,41570.64
20b2b0fd,47282.399999999994
edfaab4a,59851.44000000001
0c5ad3d4,43369.91999999999
a8cadae3,35892.72
d38ef714,44386.560000000005
0daf5a0f,42104.880000000005
fab37151,38576.16
56d83cf8,37278.72
3ca22eca,7244.640000000001
fe9262ac,14495.759999999998
c16d73c7,27174.24
d765d7cb,51988.31999999999
588a0d16,41528.16
7f124ab3,39092.4
69292a89,32887.44000000001
ac225c95,8293.68
36e2f95c,5627.52
138f4cb1,24922.799999999996
48f05e03,44909.28
911815c4,6836.4
be9cf04f,48244.32
037cf38b,24295.679999999993
d144180b,27147.6
d4357be5,25443.359999999997
b3b80403,36982.08
65fecab4,55537.2
8c3b5b3b,79752.96
f619fed5,61639.92
9a857c76,29978.64
30a626d4,18087.12
c31d9768,22693.68
430dcbb2,21340.079999999998
58020e68,34758.72
fc5572e6,31023.36
d0a8129d,32595.840000000004
8c6ffddf,29566.8
2aa5825c,24418.08
ee5653d8,35460.0
d1fbea13,53969.76000000001
477e3168,20564.64
75211e9d,29131.200000000004
83f8b3af,15911.280000000002
5bc6e547,8446.32
a4837d0e,406049.4
90fe5abb,62945.280000000006
676000bc,26157.600000000006
a16b4e29,24546.96
1619281b,23996.879999999997
ef677108,25250.399999999998
b0d1dfa5,38527.92
698bd6c3,26598.96
2b18f136,9461.52
b843ef31,22088.88
66562c30,24593.04
a849e491,45808.56
270c5b6c,24652.080000000005
17472a4a,13131.36
bc9fc494,39052.8
5bbad3fa,231013.8
15ebe874,49733.280000000006
3a26c1e3,32218.559999999998
07fd3f39,34060.32
fcf37ab1,32211.360000000008
779f1bd2,34002.72
e5833b6d,45943.92
63923b54,39309.84
3fb2da4a,26820.0
0dcf5d08,18062.64
152703d7,19288.08
d898fa37,19125.36
8f3df972,24908.4
44e4d984,27262.079999999998
3b195e88,47266.56
27cb64b5,7890.48
774afd15,45465.840000000004
75b91660,4244.4
2b7a4586,29421.36
c7069333,36661.68000000001
88642905,38198.16
d8c3d492,28943.280000000002
141e6c7d,34830.72
ca2744dd,52182.0
e16be787,44312.399999999994
ddd933ab,21357.36
b176b7a2,19747.440000000002
5468b348,37385.28
71d0ee67,35758.799999999996
c9cfde59,30873.600000000006
3f33cd6f,56502.71999999999
563ba144,21818.159999999996
eb3ca35a,29627.28
5bedc6e1,3404.8799999999997
e5632ee5,41407.92
29d04402,23232.24
ed86ec04,12584.88
dd22bd0f,42030.72000000001
68c3fe4c,39126.240000000005
a89a7d02,29630.159999999996
98af4eb3,9808.56
1353f68b,60712.56000000001
cbde44f5,37239.119999999995
f9822565,45215.99999999999
e86e98be,35031.600000000006
55db1840,17731.44
f4ebb517,610.56
5c5d6066,27000.72
6532f9d5,11913.84
46bf3bc3,25382.159999999996
03ad46e0,20413.44
463b156c,18568.079999999998
d274890e,19916.64
6f48c149,50482.799999999996
78e8ac22,31672.08
c0e31c6c,55872.72
e666c676,46843.92
55ee31fe,41870.16
e7bc6d69,23924.879999999997
bfa8dd7c,46184.4
6a6eddbb,23292.0
7c5e9cc2,25104.239999999998
9768c446,15388.559999999998
469a258f,22893.12
e44d43fd,24453.36
89916a37,33026.4
492ada99,28290.239999999998
8a5f13c4,7047.359999999999
e9fea5af,29674.799999999996
ff79e114,25199.280000000002
36af3067,32654.160000000003
56ed4d12,28626.479999999996
aad51ce7,178918.19999999998
e4903e45,40314.95999999999
8e3c95de,40642.56
4c747f68,27570.24
d930c103,17790.48
fc4b3b7a,24315.120000000003
8978f6bd,35652.240000000005
d94eb989,69729.84
91943d97,46937.51999999999
59e792e7,190981.8
81db67a0,52231.68
90b0e81e,7498.800000000001
f4b741f6,26814.96
5045bab6,20857.68
fd02bb95,3807.3599999999997
8ce3225e,51095.51999999999
a827786a,77040.0
7f04b3e8,2448468.0
308f34e9,22996.800000000003
9809ed66,4381.200000000001
333d2b91,22760.64
d85bfb81,34636.32
5a6bf4a8,37236.23999999999
b57269df,41673.59999999999
409ed56e,20462.4
6c14dcd1,23968.08
0635bc23,16344.720000000005
a94289fa,27025.2
ee032a1b,46536.479999999996
2daeb911,24908.400000000005
cd221ecd,27340.559999999998
3a0dc14c,6374.879999999999
74db9be9,15094.8
b64e6372,48874.31999999999
07e98710,10495.44
b48e235c,45082.8
fb41a9f3,12350.880000000001
b1b7594d,11296.080000000002
45190b24,29196.720000000005
062a86c6,28217.519999999997
a142b296,24502.32
85927c4c,25082.64
964964a8,30085.920000000002
d629e186,13620.240000000002
7a6d06f4,29063.52
d561e9d1,23320.800000000003
13981dfd,21258.72
0686efac,22543.92
41978cfd,13028.400000000001
5fd653f7,17903.52
5dc1db2d,31286.16
bb35871f,28246.32
0005c8c3,31994.639999999996
d6517c87,26284.319999999992
bb0e607d,1330.56
f34f57f7,6317.280000000001
92ea2b6f,29936.160000000003
07120ed0,23470.56
a48be434,853.2
960fde7f,39049.2
9fc6b0bd,37314.72
740d7d82,26645.04
733c8276,18095.760000000002
68f41e2d,63971.28
79c2311d,28868.4
006263dc,36752.4
015ba29b,41667.12
3ac09aa1,48263.759999999995
2022436a,48092.4
37863edc,34140.96
b683f6bb,69237.35999999999
5c344b1d,128.16
6b6c1e6b,30049.919999999995
bae0b92c,25087.68
77ee8f8b,40977.36
443a77bc,28017.359999999997
e13230da,26439.12
85d94c02,23314.32
73403d23,37559.520000000004
b13daf5e,15952.32
4fd6b43a,10866.96
7c3ddbbc,18994.32
358691fc,34241.04
679643cc,4732.5599999999995
4fc84e78,10671.12
626db5f6,71521.92
29fe27f6,7646.4000000000015
c9700897,37826.64
de123277,21804.479999999996
16306c4c,38877.84
af544b45,25094.159999999996
cf6da077,59716.08
798c5480,24896.88
6a998c39,20633.760000000002
649af7fb,33114.240000000005
0e10dd02,23041.44
3c333790,47697.84
80017af5,39029.03999999999
7a5a0869,28673.28
4e823e0d,47309.76000000001
2f87a07e,26645.760000000006
d5d90330,40083.84
6da3f6af,51261.84000000001
818a4b6d,39983.03999999999
e5b51521,43500.96
4d2d7199,4374.719999999999
63e91b5f,22098.96
22e537db,25157.52
a9833849,22492.799999999996
dbd27bd3,34462.08
9a2a0023,21721.68
f5f3b4e1,42900.48
e5439a52,477.36
7399a200,20931.84
45aa0b15,42332.399999999994
e40caf4a,33079.68
227d590c,573.1199999999999
555bab4f,53938.799999999996
f8a6ff55,61745.76
823a3a8d,4411.44
344098bd,59299.2
1f730352,50454.71999999999
dcc09239,19038.96
560431d1,13642.56
928311b3,12704.400000000001
d41e961f,38333.52
41c6b5db,35881.92
fe5bf484,30135.600000000002
cd3105ac,33822.72
118e567c,35406.0
6feb8214,27434.879999999997
db6ef51f,33525.36
0ff934b2,23985.36
619f43d2,24094.8
c6ed6c8c,5505.12
7a7037ee,16902.72
d5678075,317.52
d2511f18,9999.36
8cc29179,7476.480000000001
a2e03767,35895.600000000006
c0b89df1,20561.04
9584c79f,41675.04000000001
dbdc33f0,29196.72
374e0948,43501.68
0440f0cd,20947.68
c58d16e3,29005.92
61177b19,24494.4
f6bad897,29229.12
9e052564,38778.48
0451c81e,36831.6
d1b23290,29662.559999999998
496c16ab,23721.12
a7715188,61379.279999999984
f26b4a09,32010.479999999996
27b81f8e,813.6
6b943c1b,9517.68
97f3463f,21475.44
bb4b1e88,26135.999999999993
5a294bbe,18064.8
1441472b,25019.999999999996
dbc94278,1373472.0
dfce2a7a,48411.35999999999
2387370e,23486.4
73b9fde3,27767.52
b0d26038,31539.599999999995
1d0c8ac3,19146.24
c5a96905,50631.12
2ddfec03,66546.0
8ae0dca6,59952.24
49c8ef9c,33636.96
58c3ea8e,50757.84
74bf1943,31608.0
883a6194,37755.36
10e50419,20228.4
97e3ebab,83952.0
c787f238,70254.72
019722f4,27962.639999999996
2246b4c6,23303.519999999997
b5b747f6,265068.0
d186a58a,39898.799999999996
87b14fb1,54406.080000000016
24c844e2,40029.119999999995
447428b8,121700.16
93771882,73980.72000000002
807eb6e3,8422.56
98980709,69864.48000000001
67674858,270790.2
1a9bdf96,37488.96000000001
0ae10f24,39926.87999999999
4c4902ca,21782.159999999996
309e99a1,3906.72
0c5e1667,29529.36
86312ec3,7065.36
535c1117,34161.84
a6caf974,45668.88
20ba5894,66455.27999999998
7e0d5235,76811.76000000001
81450488,61727.03999999999
f019581f,36690.479999999996
70dd460f,34260.479999999996
15dc18f9,30242.879999999997
5bb08197,45892.08
af9e4014,35935.2
d915261c,32122.8
c9051149,38422.08
57aa3d11,13488.48
956dc737,16885.440000000002
c6a32f2f,54861.84000000001
8a023793,37203.84
eba6fe50,54888.479999999996
8409d42f,32768.64
665e54ad,45762.479999999996
36f4417c,38597.759999999995
882ef57a,40526.64
27156cf0,29899.439999999995
8b537322,30357.359999999997
0315f09e,38286.719999999994
555a1baa,40408.56000000001
868ef9c3,274489.2
9b0514db,65510.63999999999
1a97e289,32705.999999999996
201c871d,39286.079999999994
278e3a29,26912.16
8cf4cf2f,42555.6
26cbd5c2,21207.600000000002
4dc17d0b,2449.4400000000005
f64d25b0,38466.72
a8f3ced0,35226.72
9dcfd72a,39237.84
441316de,25470.72
fbfafc5f,39463.92
3e70ac1a,30399.120000000003
c99982b9,33729.84
709fa983,39101.04
2b29e717,62526.24
985cdbb4,59754.60000000001
fd99339b,25526.88
89c9d400,26462.880000000005
255b74e4,18581.760000000002
86158d5f,53222.4
ea543bd2,45048.95999999999
2080d6e8,30540.239999999998
e1bcb645,49037.76000000001
1e995e37,61113.6
4cebce38,110417.4
3f4b8df7,16984.08
8d665aff,27693.359999999993
7314777d,31326.48
fe6252f5,18092.159999999996
693d8373,7187.04
d1da676f,25282.799999999996
dcbe8360,28681.920000000002
d1f5a090,26686.08
9366f7c0,19453.68
5ae8a92c,25357.680000000004
deacfbc4,23312.88
3bfac9c4,16704.0
90f02dcf,24690.239999999998
64803fd4,38300.399999999994
101e7a78,18942.48
5a14ebc6,32184.720000000005
90a7c359,40837.68000000001
527fe021,35058.240000000005
8bb59ee7,21326.4
a7819539,20792.16
de970294,33810.479999999996
e917e017,93115.44
9871be72,16067.520000000002
063b7e80,114281.28
59c151bc,38884.32
588a9997,39914.64000000001
6f56688d,20444.4
d7dc7808,17575.199999999997
22567ba2,37508.399999999994
b9a52602,24885.36
2ab6ff33,59636.88000000002
6ce78fc8,63243.36
ed07644f,210816.0
48f70070,6698.88
98e95ba9,28138.32
66a510d7,8484.48
6ba58f17,7002.0
e87d871e,2941.2
9895d1c1,22685.039999999997
b78feec4,30315.6
778b5abb,26256.239999999998
49672434,13674.96
51742d86,23380.56
17493544,35236.08
f787690f,43347.600000000006
b3f29592,30306.96
18dbd538,20330.64
2d63e7ca,19926.719999999998
11e65de4,19778.4
fd68c5ea,25359.840000000004
e9f9194c,18511.920000000002
4e8b1d7b,35373.600000000006
e9690a43,27092.160000000003
8ba1efdf,11932.56
2ab0186f,20769.119999999995
fa41415e,26061.119999999995
3136717a,2036.8800000000006
e2ebb1ca,16633.44
77ebc12d,31222.08
ace3caf0,17672.399999999998
05b140a0,11665.439999999999
6c329810,20448.72
de829710,11567.52
289d72f2,18967.679999999997
95a49887,23667.119999999995
08204cac,25683.84
c3eaf6d8,41957.28
d17fe2db,29804.399999999994
335921eb,27187.199999999997
1627788c,46776.96000000001
b3aeab88,33989.76
12688240,27149.760000000002
add2ae80,36398.880000000005
65e00b5f,30161.519999999997
85a234ac,34516.08
61dcf8fe,12080.880000000001
86177f25,43684.560000000005
0263c571,18522.72
9e94bdea,20576.88
006282f1,33140.16
23053351,22744.799999999996
6f8575c9,28406.16
85449f96,71974.8
e107be35,12174.48
b93afb62,43400.88
d212b760,74.16
acb947c0,35114.40000000001
dc68ac28,68790.95999999999
bf31bbc6,31112.64
a4a0108c,29113.200000000004
1f38efef,20368.079999999998
035ee389,21468.24
4e26334d,19033.199999999997
07db3c64,35360.64
60189fd9,45512.64
8971db54,20630.160000000003
348245bb,20748.240000000005
07dbf8ee,19103.04
613dfb46,4834.8
9ced80f4,33790.32
5b07f523,23906.16
9277cda4,9383.76
6454cc26,13478.399999999998
4d2f84a1,16218.720000000001
4ee2e6e1,902.8799999999998
5d91e721,9707.76
eed14c4d,26975.520000000004
6973b9a8,26587.439999999995
7d987e05,624.96
88bd1dc9,37635.119999999995
4116a054,19841.039999999997
443f53ef,55267.2
4af8cb75,30217.68
18429a94,483.12
c9397e4c,16800.480000000003
d1ef693a,23234.4
0c1cc7b4,73832.40000000001
ad42991f,76373.28
b20600e2,45270.72
4bf4b65c,12060.720000000001
40f3e529,37125.36
0798ddda,31196.879999999997
675809e5,22687.92
34495204,54967.68
1700d122,33269.04000000001
b660d8cc,67804.56
411e4c5a,20462.4
874c0e04,26834.399999999994
f2d494c9,526368.5999999999
c87e7a8b,6095.52
3ee15d7b,6303.6
490d8cad,24201.36
57652520,25899.840000000004
8a8e1f5d,21617.28
f7b82f31,18792.0
0d58532d,49399.91999999999
84d40fe0,19031.76
2963538a,19077.119999999995
a2dbb5b0,24165.359999999997
ec8d3ee0,16675.92
6e2e31a7,19402.559999999998
e4e5aa56,12031.2
021725c2,231836.40000000002
5f69f766,46269.36000000001
cc191185,45766.08
629dc0a3,45703.44
7d0e83dd,26914.32
e710e09e,41266.08
11bdeebf,31330.79999999999
a2f63bb1,33688.799999999996
d086626e,58062.24000000001
7f07ecd6,12069.359999999999
fc96ecbb,38967.84
ed9de5df,134253.0
26337599,24788.159999999996
5ac34f8d,18645.119999999995
571d1c0d,68997.59999999999
602cd3da,26809.199999999997
c996f53d,92370.23999999999
91244d0c,89.28
9947400d,3638.8799999999997
8a25e016,6548.4
4309718c,7176.24
12c881dc,27373.679999999993
057628f0,19154.879999999997
85bd5567,23666.4
b8977074,28638.0
1610c062,30762.719999999994
39ed99a3,30188.879999999997
da3677ea,26884.079999999994
d7877bb7,32629.679999999997
eabccb50,32344.559999999998
4cf8ca8c,22742.64
da793faf,4995.360000000002
212b1316,48258.719999999994
e5fc360a,150496.2
465c8b2a,27711.359999999997
9b30abfb,51176.16
a141dd14,41681.520000000004
7f4c0ddf,35881.2
dc706933,26678.160000000003
2720d6d7,37545.12
0cbb7a9a,825.8399999999999
2a7fc653,22546.800000000003
8dae32d3,38898.72
48db89c9,50607.35999999999
a00a3276,1641816.0
c288493e,29098.799999999996
b798a4bd,34946.64
33f96ec4,10949.039999999999
25766c03,13378.320000000003
67e9491c,15121.44
1116ba67,15919.920000000002
d0ce751c,12680.640000000003
e43432e4,65381.76000000001
261ff288,2662.5600000000004
3cce2888,36024.48000000001
47d822da,11499.84
33a451b1,42755.04000000001
2e4122ff,33211.44
a7a5c3ca,11546.28
db9d8a82,32240.159999999996
ade39fe7,19159.2
e534fc8e,80358.47999999998
aff21284,23863.68
9d3ff859,34620.479999999996
edc0a820,22089.600000000002
03dd5648,38620.08
16fa582d,31238.639999999996
61a811a0,27411.839999999997
87d85303,79153.2
37383eb9,33036.48
129a99fe,47413.439999999995
40a0ef8b,8784.0
72c2fc68,18848.16
0af93d6f,15840.719999999998
3bdf226c,34722.72
674e96a4,31088.879999999997
3741fa7c,13875.840000000002
010b8a18,56378.880000000005
5192510a,53557.2
3d6ccd62,20272.32
6982001a,69662.88
bc020790,49836.240000000005
cd7271d1,42809.759999999995
f8eb7cca,21852.72
888b2c47,32722.559999999998
e69f44c4,51657.84
ef0e6217,27611.280000000002
6ea95452,15110.640000000003
8e8fe226,41543.28
860df02d,70117.92000000001
7671c329,48594.96
2bfdabfe,11803.68
03f05f77,823.68
fb12ad74,363720.6
6eb6032a,129132.0
30220839,87548.40000000001
f2e751f8,34617.6
64c92919,46628.64
530df966,6993.36
817825cc,31471.199999999993
7fea6b35,582516.0
27475cf9,31758.480000000003
6db6a200,14599.44
9d76f327,27066.24
df0bd343,73929.6
42180fd1,23585.760000000002
63d0ccc7,29494.079999999994
a1dc0c6a,33950.880000000005
c2ea4bbe,20165.76
67a81a1f,28628.640000000003
74a9ffc1,26264.160000000003
ba9718a1,24707.519999999997
3ab2d069,32186.880000000005
1d4d2806,47975.04000000001
383a789b,20438.639999999996
7546f327,26238.96
eada1ba4,23855.04
2c6628c8,33240.240000000005
8c8fcd20,21512.159999999996
8ab1b0b8,22150.08
a428922b,46231.19999999999
4bcadaf2,26860.32
f9c87afc,5024.88
7bbe6d1d,13663.439999999999
1185ff36,30920.399999999998
2ea916ac,41106.240000000005
79c6c9c7,14416.560000000001
63956d91,13626.719999999998
a30c0fcf,37563.84
9f1d31be,32961.6
2d1c5806,24786.72
6ed48939,34124.4
fd148fe2,38722.31999999999
b9f146f1,31153.679999999997
2e18442f,42824.880000000005
6c7cf20b,21892.32
14a8886b,31491.360000000008
db73b0c8,59738.40000000001
98a3b7aa,31941.359999999993
c645a428,26981.280000000002
e4119aec,33030.0
3597be56,30458.879999999997
3d4db9ed,37766.88
ae8cdd05,47962.799999999996
135f888e,22665.600000000002
477398c3,29941.920000000002
897a9a69,39021.84
078dd246,10830.240000000002
f5448b59,30901.68
970a185e,30350.88
6dc33fc5,37811.52
40055ecd,105222.23999999999
f3576c0a,24624.72
6bb5537b,205772.39999999997
4043456a,24055.199999999997
6605b8f3,14714.640000000003
e96e3a46,39405.6
c2d05a87,28049.04
c43f7734,55664.64
72191505,58955.04000000001
f14411d1,22372.56
71454138,35105.76
e1a21e13,24891.839999999997
a7e5d19e,41152.32000000001
d9d68efd,22356.0
f015dc5d,27290.159999999996
b730b829,12381.119999999999
e39505de,15115.679999999997
ac9e5412,22686.48
aa4ba61f,17128.079999999994
1220ce01,31403.519999999993
8a796449,31619.52
3039ad51,19270.8
b72be14d,39831.119999999995
06b715eb,27261.360000000008
e36b5671,26071.92
d13360a1,47947.68000000001
dcf94dbf,42564.24
1da595e1,17097.12
4ffca33b,24265.439999999995
c5dad2d6,35699.04
248de056,1375272.0
ccd9a8fa,22591.440000000002
35e17443,29052.72000000001
b8ce545b,16775.28
ebf047d4,32932.079999999994
d67e71a6,790740.0
64f57462,36912.96000000001
07bfd062,30370.320000000007
465020bb,55457.28000000001
69c3bd06,40993.2
cab574b0,96796.80000000002
b1135ed0,28697.76
7214e537,21917.52
e7b39adc,19008.72
5450f2d9,54757.439999999995
b2e0134d,20559.6
51a912ea,34292.16
63de9081,62191.44
7eb9ae6e,34879.68
c0a288d4,48695.03999999999
7d43e6f7,42719.04
cb59f4a2,30186.0
963604a3,20696.399999999998
13e1a56a,40632.479999999996
d02d115f,31087.440000000002
114312ae,42860.159999999996
83fce698,37072.8
7dfa8401,30628.079999999994
00ce75ca,31686.480000000003
23b64bda,80642.16
67cdc7f6,34127.28
dbd11a98,22291.199999999997
fe0960aa,19188.72
e93054c7,47081.520000000004
7e6999fb,21881.519999999997
339590a4,39406.32
6c9052b8,43605.35999999999
5bd6e5d4,45653.04
6463bda0,51613.92
f8d2bc61,59381.28
9f227ab8,26406.72
7d991fb1,75666.96
1e2825ff,15440.400000000001
96806a22,22174.56
d4001a6c,21186.0
64c74baa,19077.840000000004
693953ba,212.40000000000003
d2b2a9cd,33740.64000000001
9431013c,28807.92
55e0ecce,11728.079999999998
1cb865c8,30164.399999999998
8032356e,32070.239999999998
439ed762,40935.6
71281874,53415.36
5ab45c52,23343.12
67de8d85,20337.84
2a685235,57803.04
9198476d,39538.08
98bd95d5,25112.160000000003
be32638d,37190.87999999999
0e3b2999,39187.44
9d5cf2a1,31199.04
e3883fe6,29401.2
af763336,27384.479999999996
ad3bc466,18213.840000000004
030c9391,37361.520000000004
2fad30a9,26931.59999999999
38d78a83,39612.96
bfb27940,14527.44
91ca4e6b,2545.2
49727fa1,14889.600000000002
9c4c552c,857305.8000000003
ef9498d0,8668.079999999998
f72b739e,19102.32
ae254638,19723.68
31212370,34004.15999999999
e6ca01fe,14855.04
b7815a78,41144.399999999994
2810387b,64401.119999999995
d17e0275,29301.120000000003
d8cbd27f,43974.719999999994
95bf870f,19022.4
b2f8db03,35435.520000000004
1eec5f0b,26897.040000000008
40aa7286,40553.28
c495b7fb,30860.639999999992
7389828b,76245.84000000001
4c8795b1,260964.0
94eadd04,33642.0
6fc668a1,44254.8
a3cb3a1c,39831.84
d79bc980,46969.92
18201714,60256.8
f392b807,41008.32
36af67c2,47888.64
4ced80df,28429.19999999999
8fe3986f,32361.120000000003
721a96a6,18601.92
189b0261,10146.96
8c984597,30448.079999999998
082a4abc,33672.240000000005
cecf1620,76202.63999999998
c0c94307,36948.96000000001
95226c3d,48973.68
bdd7dbaa,43302.96000000001
63cf68e8,7764.479999999998
ba150dea,16508.16
a20ff5bc,123001.20000000001
01edfa6f,44382.96
1d038d9a,14480.640000000001
381325df,100274.40000000002
bf066a64,39693.600000000006
d42d7a1d,69247.43999999999
1b7a21fd,26163.36
1692886e,2478.24
569d9020,59389.200000000004
55968e88,27777.6
30ae7cb9,32254.560000000005
25647d18,26718.480000000003
71220d16,38240.64
103a1897,40769.28
9a79e8f4,35086.31999999999
ef4360cc,23270.399999999998
5b58250c,18593.28
5214cfa1,54439.19999999999
da933d50,35901.36
1516fda6,43409.520000000004
2e218c07,43417.44000000001
d059fdd1,29643.840000000004
0063358b,50728.31999999999
441c2377,40797.36
48efa347,39363.12
62629bef,30772.800000000007
e9823d12,46128.95999999999
f024e931,25460.639999999992
a13f817c,21115.44
fe7fd3e2,41479.200000000004
c62e37f9,35530.560000000005
12f477f1,27081.36
2f40894f,17331.120000000003
30218426,34752.96
fa7005f3,77826.96000000002
22025a73,1154412.0
bf0e36f0,64233.0
0fa2afd7,31708.080000000005
d520051a,57728.88
599d7ffe,22787.279999999995
71fb8ea3,34983.36
8285fef5,32381.280000000002
408d538e,36711.35999999999
916375ba,43577.280000000006
1b02c411,19426.32
7603e274,23410.800000000003
2376cda1,23001.84
dd9f3c64,18431.280000000002
ca843802,10436.400000000001
38b7d26e,21012.480000000003
5a9b555b,23630.4
c93e1742,21578.4
edb0da13,41634.72
57c51849,1375.92
42cc7835,65808.72
d2b812b6,4544.64
588aeef2,56390.399999999994
1798f05a,4983.120000000001
9e66f996,3697.92
e3bd487a,37831.68
f50bc8cc,24948.0
27c07ed7,3024.0
f5f5229b,39309.119999999995
545f2a04,81820.79999999999
a6c2ff6e,15190.559999999996
a67a4cdd,35176.32
0cc6a260,26196.48
4b7f74dc,18817.2
e131730e,21620.159999999996
79abfa22,31953.6
ce8e8721,33852.96
32804d13,27671.76
498887cf,36357.84
ffaf9bf3,20584.08
253a5e1e,43364.16
6553c370,4248.72
2e5bc281,44593.200000000004
db46aec4,44292.96
17093cf4,18910.8
2a808a02,1394.6400000000003
04cd8a61,40758.479999999996
204b089f,14691.600000000002
300e4a4e,4522.32
0a454c35,31395.6
84928cde,17197.92
98c0f7a4,39159.36
935082f3,18298.800000000003
4cda0470,35573.03999999999
569b44e7,42654.240000000005
1d1d293e,31641.120000000006
db5466bb,20756.159999999996
c8dbc17f,18987.120000000003
6784f39e,25632.0
5cfb6576,26331.839999999997
d61a13ea,42884.63999999999
91bd1647,16144.560000000001
bb468d6c,16475.04
20d1f3a5,22852.799999999996
35a67ba8,18123.84
b99a1955,33995.52
0e022df5,24121.44
59498d87,19512.719999999998
e624f81c,30866.399999999998
9bf63c49,32608.800000000003
c40cab14,20456.64
ad2caac1,20279.519999999997
4f6b6d44,23942.88
6d840a9d,73860.47999999998
e76c692b,2262.24
eac4eb1b,3714.4800000000005
ca6bfcfe,51194.880000000005
9907a01b,39348.0
2c90c558,9257.04
1363fcff,19496.159999999996
8bac1779,23095.440000000002
714a460d,4931.28
a81bda7a,12551.04
42bee589,38446.56
434947cf,29053.44
60ef13c6,23944.319999999996
74a31533,26180.64
6b531aae,7377.840000000001
a867e2df,45009.36
2f7dfc2b,28665.360000000004
0034188c,32097.6
a4f7957a,8079.12
74d857a0,52935.840000000004
bf5efbe8,66183.12
dcf5f249,19340.64
778ac569,27412.559999999998
affda48d,28926.72
eedd39be,51544.08
27e65206,39042.0
5b6788d3,52884.72
176db333,55698.479999999996
4d6b248e,29628.719999999998
ec2bc649,42619.68000000001
35bc887c,36529.20000000001
14624a8d,29471.760000000002
58b636a9,32117.76000000001
cef88a65,40947.12
3d9c42c8,55206.0
92da3069,26337.600000000006
795ba36e,25362.719999999994
666c3f4c,27463.679999999997
a920ad59,23598.0
8dd5f108,30406.320000000007
250351e9,22704.48
033e1cd4,25786.08
c335cd61,22965.839999999997
a8bca80c,34274.16
1ff13eff,29924.64
eae29159,21589.200000000004
0e66f412,30691.440000000002
f737f75d,23698.08
841fe9b0,35207.28
fd0cdf34,24417.36
d5f88584,22322.159999999996
033bb110,24231.600000000006
098440c2,22692.96
ddb0fffb,21515.04
fd65d43a,23128.56
24887797,27000.0
99030bcd,23557.68
2ca5926a,22831.199999999997
39a0bc88,34572.96
58c4d3d8,38638.08
85a0b4b1,18015.120000000003
18244cdc,32126.399999999994
ce98294d,33755.04
765780bc,32353.200000000004
766d136c,34410.240000000005
44ba3c80,23459.760000000002
3693ea60,20001.6
e6a5945f,29127.600000000006
de9ba987,25747.92
de5176f3,25412.4
2049964e,34042.32000000001
54e07365,9860.4
e8cad143,31236.48
e5464bb4,45661.68000000001
03be4d43,37681.200000000004
bab8215d,44270.64
50182379,40933.44
660af231,40937.76000000001
9362940c,25174.08
a0b05711,40996.08
eb23a8e2,29658.239999999998
e9907b83,36239.03999999999
b2f11ada,30254.4
b697c0d4,43248.96
ee23ffbd,24629.04
1803c1f0,18921.6
e2d5a9f3,11755.439999999999
1fdcced8,13484.16
6074fdfa,0.72
4a705b23,55870.56
ac7dbc36,26588.88
bdd2d0f5,24675.840000000004
316d017d,53120.880000000005
277fd561,66976.56000000001
81d2a9f8,56304.72
d851496c,48143.52
bc760f61,31996.800000000003
24237f65,96812.63999999998
f94e8a95,42840.72000000001
0a9765f3,69181.92
1846705e,43460.64
3ef52bb1,57315.600000000006
b1515177,47889.36
8a640e44,36372.240000000005
ba00f194,45666.72
b7edad12,34634.159999999996
2e7ae0c7,39517.200000000004
401279a3,20087.279999999995
9eb268a2,21739.68
53802ec3,32576.399999999998
eae67271,4.32
63ea47a8,19588.32
dde63aca,54245.520000000004
04fae646,119311.2
b8ec7e63,22549.68
d6a1b2ef,26663.759999999995
8f60c2c5,26622.72
c1462558,31029.12
bde9dc87,17453.519999999997
2a57534b,16428.239999999998
8b5d7791,19719.360000000004
888fb449,36217.44
295892e2,8991.36
5aa755c1,25403.040000000005
bf3ac5de,2669.040000000001
0d751a7e,40378.32000000001
f77b467c,27559.44
ff0f7f69,79447.68
175c5b43,47260.799999999996
4c33b485,67509.36000000002
a37f6e2f,58862.16
945860e6,41251.68
7a87181e,50188.32000000001
bd12f2e2,1245898.7999999998
5bfb7bc3,99503.28
abc755cc,179265.6
fafc2142,34296.479999999996
1938fc26,683.28
57f0be04,1250244.0
14a173b0,6050.88
d094554e,39607.200000000004
fdab579b,32045.76
58d80f2d,37625.04
0fd7549e,130961.51999999999
4cd04284,31618.799999999996
b181add9,29102.4
be04649b,312423.83999999997
8ae263fb,23770.079999999998
3033697c,28186.56
ff9511d0,10766.160000000002
eab442f4,16968.24
cd98b1ca,31109.04
e3ab136d,21170.880000000005
00f15e52,5699.519999999999
c8f3b5e4,26338.320000000007
5db848e7,5580.72
70027d1c,12900.24
df58188b,67252.32
da117c7b,39499.92
a923ebb6,19494.0
516695b6,63738.719999999994
24f0031f,60242.399999999994
d215bbc5,73504.08
15f8cd88,13284.0
02758025,15891.84
95f6bcb3,19830.96
32746bfe,11282.400000000001
26439f91,19620.72
929841cd,32317.92
258091d6,27082.8
d6fd953e,7356.6
ab6e9b73,34269.119999999995
8b5d1eba,22499.28
3f278d30,27813.600000000006
0dc89c1c,26465.76
8376c02f,49950.0
003b4822,25240.320000000003
beec5c26,44086.32
1da59e78,49830.47999999999
c9addcf5,665.2800000000001
ea99bb51,46848.240000000005
26abee8f,68109.12
f43740b7,11856.960000000001
d65eb9b8,15296.399999999998
629d7114,11211.120000000003
179f0147,26825.760000000002
34f3494d,3672.0
a1830a7c,18064.079999999994
69bc0883,30496.319999999992
39a7db97,42436.8
9a0a160f,26467.199999999997
de285726,19485.36
051389c0,17404.559999999998
debcc9f2,26087.760000000002
91912e13,20345.760000000002
041bde19,31639.680000000008
0ccc22e0,19987.920000000002
70a88ba4,25649.280000000002
8ee1394c,21794.4
ebb5d9fc,194583.59999999998
09a177f4,29110.32
0bc030a7,49921.91999999999
f1af9a13,22451.760000000002
97f25bbf,8282.880000000001
2a5c3a8e,47725.2
e9338b02,29036.879999999997
c19b3691,29381.760000000002
b3d30c82,47674.08
2b7a02d6,44363.51999999999
831e11fd,34868.16
3ef54c6c,148447.80000000002
d198e5a1,43503.12
33c9f145,25490.88
1011e373,30065.760000000006
30d5debc,50628.96000000001
73df8c06,2995.2
1c697195,62904.96000000001
8763e263,42352.56
0268c5c2,51389.28
6b5ddeb4,33223.67999999999
9924791b,29264.4
67a21155,29902.32
0bfc2d62,23788.799999999996
f07bad80,21875.04
de2556e6,3409.920000000001
9829698a,20036.879999999997
f9164f73,15102.0
55ef0986,60801.12000000001
07510f39,42931.44
923b0bb8,46116.719999999994
b53f822e,56689.92
c6e39953,41639.759999999995
9ce40d17,622.8
bd402ce0,49525.200000000004
1da3fc5c,22003.2
75d402bc,59098.31999999999
c0600c8d,29051.280000000002
c9a1bec2,44043.840000000004
90abdbbb,44648.64
22f15d56,45714.240000000005
7ae2c585,43829.28
65de7832,35511.119999999995
42fcc7c1,31729.679999999993
646489fd,60317.28
fe3658ab,67348.08
73b03d35,36059.04
27cfa870,26528.4
9ca7490e,39453.119999999995
b4607726,21942.0
854de89e,6562.8
22797e6b,38252.88
47e8da2f,10286.640000000001
d78c44e8,6037.920000000001
d46ebb4d,19242.0
8cb7a242,38995.2
e80c7323,25992.719999999994
715f4391,15178.320000000002
c0c1f270,28469.51999999999
8250259c,1094.3999999999999
426c6f40,10536.48
95b39055,29734.559999999998
85dce57c,31536.000000000004
0c540e6e,28012.320000000007
1839ce50,20648.16
935d4c3a,16470.0
e2fc85d8,24555.600000000002
adc0632c,30276.0
5e442d43,36776.16
6334f554,13481.28
dd721837,5979.6
227830c7,30842.639999999996
f95114c7,33824.16
09547364,21703.680000000004
929d1e20,26132.399999999998
d81a9c72,11484.0
758bffb8,49034.88
0f91b7a4,766.08
7a7c5e76,21257.280000000006
21e72270,31399.199999999997
5cf89af4,5257.4400000000005
2192f13e,22053.600000000002
c3bf9719,26802.719999999994
037dae98,31484.880000000005
be9cf574,7891.199999999999
7ba40432,93152.88
fddc8996,6427.44
65a14cbf,42994.08
5b37620e,62130.240000000005
5928de74,41495.04
2aa01f60,12719.520000000002
c3390f0d,32159.52
9a321a6b,53288.64000000001
ba5165b7,27337.680000000008
730acc92,14477.759999999998
468ffeee,36506.88
e1f6ef0e,27113.760000000002
d76e6bd3,64868.4
c479acbb,90039.59999999999
a8b7a59c,5896.800000000001
56639745,47487.59999999999
816569ff,7210.800000000001
c4dfe14b,45990.72000000001
6d949744,33.12
c5145200,440928.0
edc0b190,13484.16
9a42cb08,4161.599999999999
53f4f611,2886.48
eaef370e,31184.64
7b8acaa6,37905.84
510ab19d,13784.400000000003
b395a63a,35586.719999999994
495d81bc,38648.16
5e1a6349,28467.36
2b671fd8,23438.159999999996
7a64e4e2,54550.79999999999
65ad8012,66539.52
9c1f6df6,76605.12
8acc5788,19688.4
4cfd546f,6747.12
ea3797f4,63059.76000000001
601327b5,59763.600000000006
0b5749cf,40703.759999999995
3201ef42,7933.68
ad999f5d,3895.92
07750691,23420.880000000005
d3ea64a5,38768.399999999994
022b64f6,11201.04
3865bf5d,32096.160000000003
a5bf2c30,8219.52
e51f528d,35455.67999999999
17ce9cf4,767.52
4ea0a400,34420.32
34bae217,39481.920000000006
87c58ea8,30086.639999999992
c25fdda5,1586.1599999999999
53d20f96,6243.12
0c0feb5f,39584.159999999996
c98e5c1e,85590.72
367f4707,2086992.0
5ef372bb,22363.920000000002
49c3bbc5,12943.439999999999
6cbd26d3,27771.839999999997
a42b4dd8,236.88000000000002
6d8ea02b,52.559999999999995
2ec964df,25691.760000000002
d7e29460,332.64
1f124458,7499.5199999999995
b0831893,45662.399999999994
9c36e996,38950.56
911161d0,36458.64
aee4c7c1,797.0399999999998
e6d0f7f4,18791.28
3a124553,39438.719999999994
e4230485,35832.96
8db11d93,5129.280000000001
907877ea,22035.6
36071340,9468.720000000001
52f10c47,22399.199999999997
b1b66b2f,15206.399999999998
9974c0c9,42426.72
0434b845,23949.36
8d7ad844,32829.12
65144f59,32901.119999999995
7039853c,8779.68
1c8a9359,46472.4
74a4ce43,40857.12
f54f0a83,33161.76
9d18c433,29735.280000000006
c44fd36d,33756.479999999996
553cdb43,33743.52
053281fc,5094.72
881c9d47,9941.760000000002
67a162ff,22871.520000000004
66a22d22,21371.04
ffd2756d,14240.160000000002
c95ccf01,20928.239999999998
102645e6,64321.92
26b9db0f,26991.36
d61eea5e,66081.6
fb96e0bd,111324.95999999999
b6bb543c,140371.2
dfbdd551,83810.16
cec3e787,53204.399999999994
11a8c775,73654.56
490861ae,31307.04
ea0ed910,39353.03999999999
bcb7418b,33333.840000000004
fb84ac96,63671.03999999999
d6729879,35132.4
4d7b93d2,4776.480000000001
57392955,8977.679999999998
54424978,875.5200000000001
e740f7ee,36907.92
61d86545,16.560000000000002
989f8235,977.7599999999999
fa4fe0d5,47236.31999999999
15dae3fe,197002.80000000005
329674e0,29072.159999999996
7d5d2a43,28712.880000000005
bf8f2202,18275.76
0c5e5f01,56520.0
c71bbeb8,47193.84
0341adc4,2419.2000000000003
3b6936d6,51124.32000000001
09395d5a,36837.36
552a6456,31873.680000000008
8e53b739,43881.840000000004
b09f10f3,3605.040000000001
e2833776,26973.359999999997
83187d9b,14082.480000000003
a41ec2cf,44884.08
d92b7604,817.2
3b1e6685,31430.16
ef117779,19254.96
5e4578d4,9401.760000000002
8d575fd8,10532.880000000001
60a8d1fb,29059.92
683909fd,9264.240000000002
053a5e6a,39994.56
abed1f3e,601.2
72387fee,4762.8
c1d3a843,81910.8
e83e9532,55242.000000000015
d059d81c,25118.640000000003
a0a89010,34164.0
d23392cd,3001.6800000000003
d208e4f8,15582.239999999998
3eed34f9,6510.24
cfc7dd8b,19435.68
0bb9b85d,26284.320000000007
eaebc7f0,55681.920000000006
15f7fc1f,84639.6
83c6cccf,10920.960000000001
fbb4df35,37409.76
a9462553,45205.2
69add78a,44562.24
99ff2038,14909.039999999999
91907117,37363.68000000001
0bd26f2d,15624.72
227a08ba,323.28
36a8df2a,67770.0
4cc7024d,43187.04
58b3d74a,125753.4
6d3c1490,38580.479999999996
c1f48db1,12550.320000000003
aa691acd,3024.0000000000005
15e548d8,3124.0800000000004
95910e2a,43854.48
ddfa283d,20029.68
203a90eb,9311.04
d7d0886a,38431.44
7a9d572a,90.0
f132a1ae,14920.560000000001
082f7899,3185.28
7d185023,29887.199999999997
de17eb2d,6014.16
37179386,1140.48
355f0cac,1347.84
9e4ab2ea,26951.04
ac07eb65,44106.479999999996
59aa1ee8,37721.520000000004
b35d2639,49167.36
2f2fa786,18167.760000000002
9788c542,21116.16
2dac8bd3,804.24
fc183da1,35506.079999999994
06e1e3f3,32035.68
73b232ca,17837.28
93bcac11,22845.600000000002
507de833,32240.159999999996
7274f5e7,11480.4
05fcbb67,1472.3999999999996
e019b82e,23197.68
99bdc9b4,44498.159999999996
01544621,31448.879999999997
c6f9fd64,38146.32000000001
53880724,4089.5999999999995
f754ee2d,25693.199999999993
77f444e3,39033.36
2ee98850,11293.2
e0610c10,10709.279999999999
dd29c195,12219.119999999999
b236cca6,42094.08
db2e361f,35686.08
595b7c2c,37293.12
24f39ee8,26577.36
ae47a53a,21965.04
c2fbb087,8862.48
492bc3a7,24762.239999999998
426ae86e,30760.559999999998
aea4226e,23993.280000000002
bb1d435e,33267.600000000006
3759a2ef,24036.48
9b4dedba,18415.44
04f99210,21276.720000000005
322d14a3,23166.0
4190181d,14698.080000000002
1303fabf,22299.120000000003
3ed71f3f,7371.360000000001
6eb2bebc,47694.240000000005
87f079b2,1660.3199999999997
4dfdfd89,12127.68
8944f5e8,43424.64
6d878826,27247.679999999997
5e616674,26812.079999999994
432e2279,36805.67999999999
35fe08b1,18851.76
3fd54678,44796.23999999999
6476e04d,30609.36
7fff7fdb,21582.000000000007
17f8dc05,34423.19999999999
01934adf,16436.879999999997
9f2797b5,34669.44
12eeb5f9,21601.440000000002
499917fb,34603.2
2ecb4b2f,42211.44
8f844ee1,41702.399999999994
03435483,20727.36
b983131d,37962.0
6dfb39a7,31660.560000000005
8dfe3559,20474.64
f40b3e47,28226.16
ce9b616b,9176.400000000001
65100410,61578.72
0eeb065c,40014.719999999994
f5ac3dfe,46317.59999999999
613b6de5,37520.64
68c0433e,7956.719999999999
8c9da663,33504.48
c1db6187,51222.240000000005
e6b8ddc6,37568.15999999999
2706aee5,37352.16
bdb3e05f,22117.679999999997
e6e3ef9c,63015.84
1c4a9c0f,23196.239999999994
2df07837,48787.2
47076b31,34940.16
babdaf55,10654.56
f5accf01,35961.119999999995
65b83a97,10802.16
f771a1c0,23690.88
9d1c570e,3144.24
b6df5523,49311.35999999999
c756adae,50997.6
4d3bf3c2,43661.520000000004
9b14b03f,166140.0
3b7f660e,55693.44
aab84531,12306.24
afebaac9,26673.839999999997
ff45b5b4,35619.84
c8d56580,4523.76
2d24da1b,396936.0
ab73f910,18601.92
ddb1c1b6,35597.52
0486108d,40448.880000000005
9dd4d414,24397.200000000004
e27429b2,36913.68
3b08cd65,53485.92
3514b0bf,22140.0
0e927b69,78868.80000000002
7f4195f9,40055.759999999995
26d3d38a,69193.44
bf43bd6c,23675.76
86391048,15836.400000000001
f07b0d56,38727.35999999999
5154dc93,14593.68
c515481f,29496.240000000005
8a3a8ff7,856.8
6b028ef6,8195.04
376b9084,6974.64
8f556bb5,5708.880000000001
00e01c93,41772.96
7a84764b,41848.56
735ccc9c,27882.0
71c54b5f,41908.32
46a657b6,35791.92
41381bc2,23355.36
3ea64cf2,28290.240000000005
bab44797,42284.16
2ddab08d,34353.36
ea2011e3,42238.79999999999
d6ea7d3e,40518.719999999994
52fb0e8b,54627.119999999995
8c45588b,68996.16
9b6de683,53317.44
0fd8b22e,42522.48
090e6a62,33412.32
1a72dcaf,1239.12
6c4b3f84,25253.28
cc735cd6,44589.600000000006
16516fa8,62709.12000000001
0d5ee898,53585.28
b4ded7a8,19051.920000000002
348c29bc,17542.8
83c80a86,28198.08
9d1bb5d3,596232.0
67fc3d1b,22788.0
03642cd8,15721.920000000002
47fd33fb,40731.840000000004
1f45a0dc,39478.32
7e03abb3,11776.320000000003
61e3aa29,31120.56
dcf048a1,21672.0
727c027f,19826.64
96a60d8e,12724.560000000001
b4193527,31888.08
44c4deb5,55533.59999999999
b410d208,31305.6
02d5a604,32591.52
10c3765b,24466.319999999996
d89c99e0,26130.96
7cdf8ba2,29308.32
497091a4,38918.16
5611ce9b,63633.59999999999
aad21af2,20399.760000000002
031e95cf,111823.20000000003
9d0146bd,31353.84000000001
5b436f9b,44632.08
5cdd14e0,39443.04
b40caa4f,12459.600000000002
21ccee07,29752.560000000005
d94a20a8,69757.2
cd49eb22,1366.56
0e455ab1,5042.88
5a26f931,7012.8
5e7ff228,8568.72
4b4b4ad4,1280.88
4df33922,40239.35999999999
f119b798,10905.12
71182e49,8110.800000000001
ac1f5788,35177.76000000001
12706858,21557.519999999997
3309ec78,23752.08
90cb533f,39152.16
650cd4a4,12080.16
38b2f7f3,37013.04
709ba5ba,92.16
3b3d3797,649.4399999999999
ea27d0fb,22416.480000000003
b5cf71c2,23955.839999999997
9a7ffa0d,28653.839999999993
57d9e160,1913.76
be6d2729,58636.799999999996
3531398b,29498.4
8e8c41ea,64791.35999999999
6d08bf55,5549.76
8fa341fe,149.04000000000002
c4cb0126,9029.52
bfef5e11,11489.039999999999
bd97df36,26636.4
aafdd6c2,1956.2400000000005
0775f75b,22367.52
17fa9f33,26218.08
60be37e4,17479.44
672467cd,17049.599999999995
232cf253,25938.720000000005
dde3ceb3,22480.56
f4582497,33937.92
c8d0b061,30565.44
23e0ceab,130176.0
6ea8d86e,44282.16
6a117fd7,25790.4
a2db4349,33999.119999999995
dff7ce0c,35260.56
2ffb7c72,47921.75999999999
81bb2116,38581.200000000004
24d7e37a,65285.28
7531a702,5497.92
48995001,40097.52
a1aefbda,73537.92000000001
29c0172f,890.6399999999999
66856f52,8207.28
e91ed7d7,31344.480000000003
788b502b,7180.5599999999995
5e70e303,61151.04
6b2d7281,23302.08
6f384386,36512.64
226c1c3c,766.0799999999999
520f5ada,30620.160000000003
de408c48,35004.240000000005
df1dacea,35451.36
f8941452,9468.720000000001
62c38b4c,12617.279999999999
66fbb11d,36359.28
caf4d404,40790.87999999999
c61bc584,225624.59999999998
be0d54c4,21667.68
41188192,49760.64
af81aead,41957.28
33a9ffbd,40529.51999999999
866ac037,32709.59999999999
eba1d96e,1828.8000000000004
3e9b4e04,36494.64
592c3129,1869.84
7fa69275,36255.600000000006
65d49c92,14183.280000000002
7a629ebc,61194.24
d5c1de32,31841.999999999996
554a9fb6,8984.16
9015ab98,26540.64
edab453e,11791.44
4205201d,91792.08
19199eea,39867.12
957053d4,45933.119999999995
597bd68d,24983.279999999995
1a82b832,19264.32
e1ce731f,35627.76
2448f4f2,27631.439999999995
9929fd72,59055.84000000001
5cf49604,29733.84
c75be1d8,31087.44
85d1fc6e,30606.480000000003
956812bc,16038.719999999998
51f28eeb,32027.760000000006
f135dd95,18386.64
b5890e24,17085.600000000002
ef1a1cb9,53500.31999999999
c2de6d61,14318.640000000001
a851ec15,4682.16
80bb55b9,30275.999999999996
746eee64,13926.24
0e6e450d,628.56
ccbe2aa5,12384.72
ebea9b32,18457.920000000002
f02910ba,15773.04
b28cf7c3,7048.799999999999
02521dce,26165.52
794c202b,4826.16
8206fc74,5272.56
a3684aa4,34506.72
40f63dad,31581.360000000004
409d7e8d,33715.44
f13fcefa,29072.880000000005
dfc71f5c,20356.56
37c92ba3,38633.76000000001
99310c02,43082.64
6e4aa486,25997.760000000002
2ba1d7a3,40559.04000000001
6a09904e,9545.760000000002
d71a77d8,10365.120000000003
13221acd,50259.600000000006
ad3b4b6f,27821.519999999997
52966466,43713.36
76e1c549,5072.400000000001
6fecd194,225.36
facde091,23527.44
7b12b6e8,38313.359999999986
ed3f3a77,1352.88
a7577308,39012.479999999996
cc399a60,31332.96
7c0968ac,29680.559999999998
e85098ce,37532.880000000005
7200ce0c,39991.68000000001
244ac0a8,23195.519999999997
e7fe53db,24608.160000000003
dadb8735,37173.600000000006
1e5bf653,16146.0
5a8188f7,2128.3200000000006
7b878aa4,30130.559999999994
ce8f1e4c,32515.2
f9f4e640,44211.6
ebb49d39,49416.48
27a01c4e,34463.52
9d7443ce,26053.92
8c846055,37689.84
48eddd32,27222.479999999996
421814b2,24679.439999999995
8e55a57f,69.12
63e95837,709837.2000000002
09acb6f5,108729.00000000001
30736209,17286.48
d5811250,11931.84
e87ef2e8,1045.44
ac7e0ce9,70907.04000000001
ab126852,39911.76
d40156ff,26098.559999999998
b4e34c5b,14481.359999999999
295ed9c8,33037.920000000006
684afbb6,23652.0
872148ee,30141.359999999993
5c3b050a,23701.68
c8629ecf,24018.48
481ea44b,36217.439999999995
7463fd45,30741.120000000003
935841a4,33645.600000000006
98f7a15b,3551.039999999999
c3a4dd62,27530.64
9309e28e,26117.280000000002
208a6f40,37838.88
b1aeec9a,961.92
62940398,6871.679999999999
d1e2af90,28321.2
f4b65620,35177.76
acc46c8b,46812.240000000005
ce62796b,42291.36
2ac26afc,1855.44
05424e30,46787.04000000001
75ffad8d,12894.480000000001
8a8fe990,5629.679999999999
4546a11b,11365.199999999999
2dbebbbc,32438.160000000003
8248e8ea,9656.64
38963aec,21889.440000000002
0794d12c,17830.800000000003
561217cc,41594.399999999994
979acf16,41203.439999999995
8157929c,37725.119999999995
4419d6d9,29237.040000000005
ddec0995,44781.840000000004
06466aef,12495.599999999999
0238bca6,65593.44
a11eec47,39492.0
2955a262,35746.56
b6915960,88710.48
cefb0e3a,1120276.8
f9e852db,13929.84
97249828,90.71999999999998
942a05d6,10377.359999999997
fd24d91d,26921.519999999997
bc1af881,1601.9999999999998
4b27f86e,47285.99999999999
f0c10425,57880.07999999999
b5011586,61248.96000000001
e16e3f19,103.67999999999999
7c3648ba,941.0400000000002
2c855f86,35260.56
2c7d651e,26951.04
65151185,48027.6
3b51e597,30888.0
60a39a89,1077.84
a0fbcc11,7305.120000000003
bb38c92f,336.24
042c8a1f,26470.079999999998
a3918a2c,38091.600000000006
4f2e2bf2,941.04
b3e40f02,585.3599999999999
cef35204,29393.28
27c716d3,38259.36
2f94aa23,24365.519999999997
d42b49bf,5059.44
9447972a,32978.159999999996
38e3b338,6395.76
8e95d660,21911.04
e655e159,13031.279999999999
f6befe31,44362.079999999994
802cb511,49195.439999999995
003265aa,37454.4
0c6585bd,49741.92
676a00db,38886.479999999996
e8f84513,24893.28
18d1aba2,50005.44
6ed3d964,9914.399999999998
47c7dff1,55766.88
a5e7ee0d,26646.479999999996
87b32c7d,13944.239999999998
a41f2858,50322.96
1c00d2c9,31109.759999999995
ef3f6034,22940.64
425951e3,18476.640000000003
67ab339a,42817.68
004d760e,25875.359999999997
e560ddd6,1085.04
9b19ff3d,264.96
655262e0,139234.32
5c2b5f6d,21660.48
bd73b78a,30376.08
acb32f84,20140.559999999998
e114a71e,18786.959999999995
9334471d,19797.840000000004
c4788be0,1254.24
1c0e6528,4694.400000000001
c49977f5,5323.68
94b2aee3,42261.84
64fa99c1,2177.28
e92be4b0,54786.96000000001
dd167bc9,20491.92
4dfa1f5d,40477.68000000001
daceba98,14577.839999999998
7cb2e61c,391.68
335725a7,28330.559999999998
eaa21ed5,22671.36
ed5f3e3a,50767.92
9b6fe123,732.2399999999999
8b18c127,49419.36000000001
75814487,25583.760000000002
41c89fb3,29537.28
684682ca,4673.52
6242d1b6,2793.5999999999995
1b480b53,9126.0
3603f41d,130129.19999999998
c7069fef,36012.24
2f821605,37341.35999999999
d334d205,35079.119999999995
3ad86928,31190.399999999994
41af87f0,375580.80000000005
178f872c,20242.800000000003
029e0036,51618.96000000001
c8d29bbd,22332.959999999995
14c0c04b,36730.8
aa1e7acf,27484.559999999998
f80d3416,55018.08
0ca7c612,16571.52
0275d4d5,60682.32000000001
abf1100a,47746.08
b3e95059,29787.840000000007
8d1837b0,406.08000000000004
2fa20a85,15035.760000000002
916e64ac,6783.120000000001
0f03e2b2,35622.0
da7e9a6f,27991.44
e579ba36,41142.240000000005
646b428f,15138.0
962310af,20100.24
16bb4322,39456.72
45be14b6,39716.64
56f7018f,45899.28
6fe283bb,65973.6
46667688,28802.880000000005
80fc3da3,34848.72
e3e15ac0,39314.88
bf149430,26789.04
be72442b,43966.799999999996
1c80b546,50472.000000000015
9edc0969,12731.04
310e18b7,33549.12
0c432774,9980.64
5f251f3a,20730.240000000005
25fd7387,31905.36
f3ebef6a,4514.400000000001
7f466b12,37694.16
14134b8c,36405.36
ffabaf18,34661.520000000004
8986d9c1,48724.56
1d17da05,12260.88
9a7036d2,42770.15999999999
c6430cae,19938.239999999998
5057942a,18323.28
b3491dc9,9326.16
cc038e01,9970.56
5ec7c800,2247.84
4286ca1d,44321.76
537f49be,9879.84
e0990c18,11711.519999999997
1fb146fa,35364.24
1ac35ee9,37229.03999999999
2fa98bfa,141531.12
828eb918,23183.28
3aec470a,13462.56
b7c58ffb,19261.44
656aab61,20296.8
24309eaa,19560.960000000006
496569e1,25010.640000000003
ef1cfbb6,29978.64
61efd195,41948.64000000001
8de545ba,41536.08
25c307f0,29682.0
3cf5c1dd,12231.36
9e4c97dc,34053.119999999995
3b0ddb56,19595.52
ffe093b8,57609.359999999986
464d2a27,17972.64
70b71a6b,29884.319999999996
40289a75,42245.28
60fdbdbd,41534.64
db2ef40d,10307.52
053f49cd,50468.40000000001
4ca30a82,28076.4
311128f7,29977.92
90ea7f91,27762.48
0d405ae9,25021.44
74eeaf97,35566.560000000005
2a643ec4,19509.839999999997
5f1352d0,28267.920000000002
089ffb17,20949.119999999995
321e14cd,48848.399999999994
bc06501a,25549.2
0d81b7f2,109585.43999999999
2b72ceae,190.07999999999998
9dd4f062,22091.04
1ff709f1,34549.92
ff0b1a87,23602.320000000003
28a3c59e,11355.84
24d42cc7,91.44
9a166fff,33012.719999999994
e87949eb,23178.239999999998
54b2d61c,17012.879999999997
927c8e03,38206.08
c305396b,29226.24000000001
0bbe5e2f,33734.880000000005
e426a7c9,28855.439999999995
230d4f94,10864.800000000001
65378ec1,45442.799999999996
b5f997a3,18589.68
fddf03ae,28097.999999999996
35842899,25837.92
e8a6197f,53244.0
4fd96519,17038.800000000003
5ef876e8,32513.04
25d7c1f0,12527.279999999999
c7e9f31b,7091.999999999999
ae3de30e,9642.960000000001
9099eb0f,36239.04
872d581a,58934.880000000005
5fb14914,8222.4
e8d5be9b,23189.76
04ef2025,16968.96
46ffd7f2,12137.04
edc5d8ad,28898.64
de85d208,50512.31999999999
2c0512a8,32344.559999999998
900f688b,22399.92
ec7ba723,40200.48000000001
792a5939,27182.159999999996
53398354,22586.399999999998
c04d3271,43240.31999999999
413d690d,57863.520000000004
ee009b80,11399.04
1ae4a343,28631.52
f68be8de,40474.08
88fb726f,19872.0
13a5aefd,44581.67999999999
005ecd49,68440.32
f63793e7,52928.63999999999
fb30a434,14495.039999999997
7599d7ba,558.72
1f05696d,6976.800000000001
4b077153,34789.68
3c50e8b4,26198.639999999992
e82c2721,88227.0
4c50f9e4,340513.19999999995
812426c8,43791.840000000004
189733da,41464.08
2df7262a,39456.72000000001
bc716004,12127.68
a53cc9e8,43595.28
67881cf1,7850.879999999999
e1626647,41307.84
85d89fe7,44083.44
4822c12f,30754.799999999996
b2ded559,21000.96
795add74,27282.24
78a952e4,3782.159999999999
e92191c7,41693.759999999995
b1cb5bf1,32549.04
7dffa168,16252.560000000001
de5b4482,84.96000000000001
f3dcbec7,51243.84
0237a32d,496.8
e35190d6,24270.48
c0c48ed5,23461.920000000006
8bf9b44b,7461.360000000001
8eeb0b65,37664.64
ef6219f6,30286.80000000001
e079be09,7008.480000000001
c6d10b3f,24078.960000000003
020a17ae,42654.96000000001
11328d4c,28268.639999999992
620970bf,30957.119999999995
6ead66be,26124.480000000003
f162d55c,30563.280000000002
b7838859,48238.560000000005
2f01c405,24657.839999999997
68c16a4c,792.0
a72bddcd,177.11999999999998
79c57129,18313.92
a74a2896,28243.440000000002
826cdc86,1865.5200000000004
b7ae5be3,35316.72
0a4a395d,34633.44
dc7feed4,20918.159999999996
1b0c3233,36646.56
be385468,18406.800000000003
892dbfe2,18678.960000000003
e9219cb1,9628.56
27934c7c,66566.16
164f4a6b,31278.96
e7facfbd,30962.880000000005
3ed95e2b,29916.72
a980febc,5449.679999999999
ee85e99c,39505.68
40555c1d,16236.0
42823fb1,32893.92
578db201,12909.6
91b9302a,23079.6
9c4ea992,26399.519999999997
1b8eccb2,60506.64
bb81af43,25030.08
d4210320,49987.44
05b34ce2,486.0
0ea720b7,40626.0
fa79b3ed,37852.56
1cd76f30,46578.240000000005
220bd551,307.43999999999994
9a611b7c,39123.36
6351fd9b,70299.36
309a64e4,70524.0
89d25050,15160.32
cbb3dd30,51257.520000000004
0cc728be,27441.359999999997
d8bd5aa6,35508.95999999999
334b8df4,20098.8
70513f96,92.88
726b9677,39323.520000000004
9be765af,23465.52
ffe36c19,74183.76000000001
ac8b631a,1038.24
ca072b6b,5927.039999999999
a61b7595,9804.96
5a618d48,24718.32
c7a6a5fb,46553.04
e28550f2,48786.48000000001
bb8098b0,19101.600000000002
8ba56779,25876.800000000003
7653c71a,65660.40000000001
d209e805,79948.8
c6969ced,18460.8
e4170a9d,31730.399999999998
b547afd4,40962.240000000005
c666802e,20908.08
c7f0dd8a,22679.28
2e131baa,4969.4400000000005
09ba8ba9,94064.40000000002
e5934fe6,88675.2
063a1929,36483.12
53bf6a91,39500.64
915acab7,36252.0
3365b46f,16999.920000000002
d4565cde,313.20000000000005
abb09fa0,49972.32
bffaa478,12206.16
0f999c02,46049.76
91720998,15373.439999999999
405eea36,29745.359999999993
b8a70e8e,21918.96
022dfa48,12448.800000000001
88cfea34,17219.52
024998dd,41046.48
adce8893,70471.44
6f4054f8,65494.08000000001
7962add2,27639.359999999997
d94b1f43,23690.160000000003
b0712d1d,11739.6
6d283edb,9569.52
34394a1c,2938.3199999999997
7a296502,56919.6
ab793edb,80927.28000000001
1b0aa200,56445.12
8a4e5054,79127.27999999998
0d35e964,49304.880000000005
9e7d7493,27421.92
86701643,1704.96
7582f25e,36449.280000000006
c684122f,16724.88
74531595,47728.799999999996
3fa5829c,16662.24
5e015bec,28336.32
dddd1e1d,52035.12
0fcad82e,36031.68
8d5f03cd,15224.399999999998
2aa76fd3,36807.12
019220a2,4462.56
0f7f609f,6634.799999999999
9a06accd,35164.79999999999
cf492c29,28300.32
c82a9d71,28747.440000000002
b2eb6bba,3121.9199999999996
ad034647,51524.64
1ff5b415,33936.479999999996
c4013528,11219.76
be77a6ad,4389.120000000001
d3dae641,30308.399999999998
450eea4f,49073.03999999999
bfc6f4cf,3219.8399999999992
d00072d1,40946.399999999994
aa7dd200,18293.760000000002
a0e8c687,41329.439999999995
84d0ee1f,28013.760000000002
be542a00,38520.0
6c34cb20,40746.96
830d7e54,56946.23999999999
376e93b6,55016.64
46ac2e45,41652.72
2753e51a,27146.159999999996
865ea4d7,27127.440000000002
0c26335f,6486.480000000001
b5271d9a,7421.76
1bf6faa0,7378.5599999999995
cb0f1459,14879.52
97d18084,62930.16
a91a0cf0,10440.720000000003
0a2e11ae,24469.92
469c3fd9,14512.320000000002
6afa0074,84247.20000000001
95d4aab0,25723.439999999995
58bdedc0,4011.12
2dff5749,45239.399999999994
4f073b45,30390.48
fb5e78fd,14763.599999999999
0d3359a4,1598.3999999999999
d63602c1,16089.120000000003
7fe5cb08,860.4
57f09188,21871.440000000002
4cf0e731,18130.32
4affcad3,15396.480000000003
c188c4ed,36838.08
014b7577,74198.16
bd597de1,24574.319999999996
046e953f,41353.92
1799a72a,50238.0
db77e622,62254.08
d47e57c9,128102.40000000002
f2699fa7,17866.8
d95c91d4,22658.4
70337fe7,26933.760000000002
87fc63ee,19296.719999999998
cd33e7df,22031.28
7cfd4fff,21746.88
c21d2560,38474.64
9e7991c4,39294.0
4e72dfdb,35297.280000000006
907fd07b,21900.239999999998
d8ed096d,35943.84
777dd9ee,44174.88
ba565c07,23160.96
ad4dc842,30897.360000000004
e7c6f63f,39463.200000000004
54388f9a,21633.120000000003
7fc1cc44,42269.76
861e49f2,4710.960000000001
c062ff63,5131.44
d4af118e,27334.800000000003
aa059fc3,1719.36
dee24425,35612.64000000001
58a2ee86,43870.32000000001
fbccadea,254674.8
db518a23,33345.36
749ecc39,37390.32
ea187d2b,75384.72
4990f4f9,19275.12
a083819e,57343.68
aeb8fbf2,21191.039999999997
33edd6b8,43761.600000000006
ecbe51ed,35398.8
16812260,32842.799999999996
9e7de88f,485532.0
2455bf54,174456.0
4085625b,33571.44
f2ac0975,34030.8
d2d88b3b,37991.52
b542cc16,37540.08
fe7ab862,66373.92000000001
3928c342,37552.32
8e19b7fd,963.3599999999999
4c3e9896,27699.839999999997
d009fef0,35745.119999999995
eedf41f3,40871.520000000004
6480c755,43099.2
489d3b15,31943.520000000004
d78074ab,37131.11999999999
947372e1,55224.72
831f926d,1308.2399999999998
caf813a1,34750.079999999994
67394a1f,32251.68
0df6f43c,27320.399999999998
3fbdd2a2,33716.880000000005
c4e4a0f2,33843.600000000006
11ef241f,32234.4
fc101a84,29418.479999999996
2ade82c6,29450.879999999997
07f10dc2,60083.999999999985
1d7568b9,93964.32
303dec9e,107002.80000000002
adcd3993,15472.08
a593f46d,7276.320000000001
0b67b1ff,35087.04
8efb5aa4,28977.12
15d04e0b,14456.16
d85c1490,15696.0
9b3f0d07,30515.759999999995
b281d053,235.43999999999997
0529963e,45939.600000000006
40ec5f7e,2972.88
8d842dfc,27625.68
fb2a63e2,62386.56000000001
d3b6768d,23942.159999999996
c541f72d,33592.32000000001
4754a5ba,25881.120000000003
6e30857d,48266.64
7cdcf0e1,53410.32
60287085,24880.32
8a5a5998,43505.280000000006
3ee5efdf,37481.759999999995
fd281fad,51932.880000000005
921b23ea,47468.16
849b02a6,15108.48
f83e6a2e,10751.76
161bf48e,38071.44
2e22d220,24454.08
006be7d0,6599.5199999999995
94a3d54c,22857.120000000003
3001042b,9810.720000000001
287e0479,1150.56
424fe828,549.36
92ba8e0a,23749.92
3570a943,23134.32
55746983,28113.12
63b32cf7,21810.24
a8d0dd9a,7441.200000000001
ca2ada95,5126.4
e3e71c02,915696.0
e4da02c2,391.68
4ae32ff0,3214.08
74dfda6e,51328.079999999994
adf29dae,48385.44
e4957924,25032.239999999994
206fc261,5697.36
393d524a,16466.4
9d6ce68b,42420.24
5af74a69,38864.16
ef01c098,43391.52
0d4ab5b1,24560.64
5fd94ac9,68397.12
a8960320,56856.240000000005
54639448,34007.04
bb655c1e,23288.4
d8409fa6,40173.84
590521ab,23628.960000000003
8d5712c1,772.56
7c9616ee,35331.84
a05c4b81,52203.59999999999
171dfa48,2311.2000000000003
51df2b54,42451.920000000006
633b7d62,28435.679999999997
badc33c3,29135.52
346f3e6b,38322.719999999994
9c5839f4,21463.2
13dc7036,38939.04
8c74f686,26732.15999999999
df3bfef9,32523.120000000003
e47a465f,59040.0
383a2074,24176.879999999997
bfe60ee3,38047.68000000001
cd470535,33356.159999999996
647d1e90,20000.159999999996
e75b4259,545241.5999999999
912f07ec,953.2800000000001
07e5eeac,25996.320000000007
325ee85f,47927.520000000004
655aec7b,5266.08
3b3c228c,36073.44
0f6618ff,13242.239999999998
c5a851df,27327.6
b86ed6c7,24153.840000000004
80a6f5cc,225432.0
15a03f60,49660.56
4eceab53,27812.88
caef9d81,22736.16
a8b99d5f,38676.240000000005
54d2827a,32276.159999999996
c2defe21,29863.440000000006
a192b066,9781.920000000002
6a71db11,18080.64
4a809dea,32568.48
e2083feb,37453.68
b504328d,45048.96000000001
91a775c0,18797.76
486e9372,2374.5600000000004
41299985,65093.76
fa1ae368,1366.56
b717f4d3,2184.4799999999996
19e90096,90799.20000000001
9b602f34,797.76
c7ae53c9,113.76
4675cada,28682.64
361dc09b,1286.6399999999999
36fab5c8,33531.84
b07595d9,14523.119999999999
b28ddbfb,39947.04
f28bbea8,47476.08
6acfb2c8,885.5999999999999
b1ef76cc,12715.919999999998
51a0daca,24919.92
698c1893,6446.880000000001
9a3d15ba,43287.12
b7e2c21e,31594.32
d9230a2a,12022.560000000001
7448bc31,24762.96
7547b606,36025.2
0688955b,23729.04
1757ea1a,25662.239999999998
a435efb1,23138.639999999996
a728a369,15331.68
9777c159,28316.159999999996
28daab5a,5114.16
7debf91f,29262.960000000006
09dfa706,32060.160000000003
bb19fd94,618.48
78fc03c2,5017.68
fb6ca362,36509.759999999995
54fafc70,2193.84
27b1b24f,3111.8399999999992
1c7e8bb9,1714.3200000000004
ad6c4af4,44581.67999999999
101dd99d,44772.48
f429881f,30088.799999999992
50581853,42045.840000000004
14ab55a0,21156.479999999996
598611a6,45873.36
59f98a52,26488.799999999996
6af1062c,32582.16
ccacff31,26822.160000000003
44eeabb8,28067.04
18b88b0c,35821.439999999995
98dc404c,91703.51999999999
4bf750c1,18748.799999999996
c211f247,18113.04
bb2c8ef3,14819.039999999999
79c9f749,50940.0
6ad175cf,22488.48
634b2d00,16509.600000000002
73082547,35249.03999999999
1e268c71,31814.639999999996
af84c21e,22821.12
5e796b74,2509.2
7180c85b,33064.56
072ac0d0,23513.040000000005
e13f1223,29720.159999999996
786eb0a3,2042.6400000000003
1550c380,10868.400000000001
a56e105d,7915.68
4f3d85bb,3582.7200000000003
0a1ebc9e,29818.079999999994
b3ccc35d,22178.16
2287c591,8460.72
454ae141,9192.960000000003
685af5bd,192076.2
3fde7e10,25529.759999999995
4d5efd46,28049.76
437f0dea,23348.880000000005
8f4f0c89,41553.36
9ee87bd0,32703.839999999997
4cc99b2d,29505.59999999999
828cf573,223269.12
2f31ac51,14276.16
22320d36,85535.28
33de1dfc,73382.40000000001
a907a2c4,85867.92
5f0d13b1,61124.40000000001
b392015b,7276.32
cac59708,15452.640000000003
68588b98,24348.960000000003
2690e48e,51558.479999999996
1611db77,20281.68
5af3b2ac,36809.28
a5d50319,12135.599999999999
b0bbcf3f,12677.76
dd11ad2f,41004.0
faf9a59e,22690.800000000003
e709c96a,45067.68000000001
2fd8dfee,38635.200000000004
5c1a1541,29964.96
8d2a9dcf,34642.08
50a99f3e,31606.559999999998
01c84e20,26021.52
788faae1,25254.72
afb47b12,21280.32
84809d0e,2024.6400000000006
45a47d7a,6323.040000000001
94628f3e,5380.5599999999995
ca459c2f,13859.280000000002
b9fcc4bb,20165.760000000002
3c7a977a,69729.12000000001
c5417ce3,28342.800000000003
907f2246,30468.239999999998
1a732c45,23740.559999999998
335ea33d,47709.36
cc3a4cad,16122.240000000002
8a3dea2b,33177.600000000006
7dcbbc8a,3125.5200000000004
ae745254,34852.32000000001
9e77e67a,47106.0
62c6eb41,37218.96000000001
9cf9137d,15243.119999999999
9440f137,110.16
39de8309,44089.2
e69d1a70,224555.75999999998
0db187fa,49654.799999999996
2907ff90,1141.92
803c15fc,4705.92
d148c644,1512.72
28de15f6,44340.48
90504e85,118070.64000000001
47cf219f,43195.67999999999
119569a2,30977.280000000006
d3472158,14686.560000000001
7b39bce3,16612.56
bec43e4c,96523.91999999998
181c679f,34837.92
ebe0453f,20583.36
0403e5d7,37556.64
1bea4e52,13741.919999999996
6301a225,55566.0
5857ff0b,45380.16
4df62dd8,33119.280000000006
57485e10,26572.320000000003
3935929e,37152.0
fd017e9b,19956.24
d666c2c2,47080.08
fbbde8b7,35290.08
bc4297d6,39551.04
4832c8bf,32276.16
606089ef,5694.48
b69c82e9,465.8399999999999
798441e7,74502.72
3c6f0a84,25472.160000000003
b4b75a76,71800.56
91ff9313,30343.68
d6b7ae04,22852.08
a2961c31,11485.440000000002
1c05d25a,41904.0
16d4e58a,26787.600000000006
8942586e,7596.000000000002
5be8d887,8705.52
9bf0e419,17856.0
019e1449,413947.79999999993
6ec53871,91056.6
f878c0cc,66620.16
b522de5c,109351.44000000002
143e7a9a,27520.56
3aa4748d,6362.640000000001
4697be2e,20679.119999999995
2af69536,1466.64
7676c617,45553.68000000001
d8ade2a5,12132.720000000001
c969f3d6,35100.72
ccbe791f,4392.72
ac894f7b,17332.56
a1458eca,41873.759999999995
65e18004,14376.960000000001
348dfbd2,16557.840000000004
3cc18eb4,22910.4
e7fec988,58157.28
4d33005d,25133.760000000006
a372edd1,57560.40000000001
cd584e22,28669.679999999997
76a60829,49029.12000000001
17eec82d,8717.04
d2725896,40836.24
f777bd5c,5202.72
be8c9ad5,1761588.0
764c4a2e,495462.6
23a4a087,33726.96
e55613eb,464.4
97a065b3,32659.92
6709437d,34907.04000000001
206be194,4723.919999999999
417166db,2062.7999999999997
f18738f4,3941.9999999999995
c330e30d,35782.56
829b6ccc,29031.839999999997
040bb049,23577.84
df272afb,27943.920000000002
456e93f4,40431.6
331011e5,43921.439999999995
091e4191,57805.200000000004
0b2510e5,36799.92
c226ca1e,136555.20000000004
c96d1af0,30232.800000000003
67584d30,44388.0
119f95ee,32184.719999999994
07f01196,27518.399999999998
18d883d6,32464.08
bb2b07db,26641.439999999995
2db6ff36,35062.560000000005
6bd21873,28240.559999999998
5d4f8235,27496.079999999998
e2778e33,473832.0
bb699658,438553.80000000005
1a545370,43130.88
a631b32e,54003.600000000006
f3a91061,450180.0
51f7015c,34023.6
201389e7,25223.760000000002
2d8e7369,29357.280000000006
9814796f,23547.600000000002
ec70a19a,28852.559999999998
82e52f65,13380.48
b38a4053,16920.0
8d119c9f,16184.880000000001
da5f1162,16210.080000000002
c75348bf,16239.6
828de301,18293.04
1a5656c3,22442.400000000005
72f106e3,16833.6
b0b1f341,18867.6
642c1201,20682.0
08339b0f,24608.159999999996
a52765ce,20689.2
b119a0a7,19494.0
57469199,1779.12
58b55cac,57582.719999999994
dc9fbcb4,43889.76000000001
1ab722ac,3327.12
e05e77ed,39352.32
36b55f32,60513.11999999999
483b5847,19690.559999999998
c026c465,13469.76
0fb20130,24564.959999999995
a0a1d4e8,23601.600000000002
36a79c76,20499.84
fd4e119b,45957.59999999999
4ccaf352,38496.24
00ecd4b7,10403.279999999999
177620dd,1630.7999999999997
87d895a5,40761.36
f3c8bc72,8.64
d34f8cc5,1314.0
12fe8525,34497.35999999999
47ad4ea1,366.48
58fd94c6,13961.52
b4628164,40050.00000000001
87e73c1f,50130.719999999994
1935d146,59211.36
f086458e,61753.67999999999
437176d7,74072.16
afe6abfd,35178.48
39b48fb4,49489.200000000004
64005147,14997.6
eb248b76,36516.96
419d35d5,46046.880000000005
ba1720d2,10376.64
5fb5f155,31528.08
6312278a,5536.08
1eb51394,26334.72
aaabdea5,27434.880000000005
04dc35af,23115.6
ae6368cd,3131.2799999999997
7b6a43db,4003.2
bb46ba11,29596.32
312682d1,14970.96
5b2a296a,25291.44
dff1e39e,16246.080000000002
9c55e636,58386.23999999999
ae96fc1f,5942.52
f8b25d97,40061.52
92848465,25419.6
8da7b0cf,24944.399999999998
1d431a59,30399.119999999995
1375b5dc,34471.44
6405bcc4,35168.4
53b3f277,29870.640000000003
b0bc1d42,22127.039999999997
f96bea0c,41774.399999999994
52d5bf0d,90822.96
4a58ade3,1102.32
8863242e,523.4399999999999
db5d79e7,54226.079999999994
cc2fa875,5436.0
9a31fcac,59633.999999999985
90db1bf3,895.6800000000001
55b00c68,38601.36
e23d998c,6799.68
dfbca9e1,8125.920000000003
e1a24513,44559.36
b79d613f,51915.6
db6c41e4,29168.64
8ccd9e50,7617.600000000001
fce02e7a,28779.119999999995
64f93fd7,68816.88
56f35241,30369.6
f18274de,11293.2
802d2131,37640.880000000005
55d04d6a,6144.48
4dffadef,43843.68
f738d3fe,43927.2
3ab08320,30369.6
3b698ec0,35889.84
1fc65c15,36794.88
eeb57e5c,62501.03999999999
ab2b5160,45523.44
3042f07b,28401.12
3b400888,26065.439999999995
2708ddee,502.55999999999995
fef14abb,56555.280000000006
66e92a9d,291.6
00746038,8570.88
13e63e2f,10929.599999999999
25306ff4,39640.32000000001
c89d1fe7,15412.32
c25b426b,215.27999999999994
37f2b245,276.47999999999996
85afbb1a,22760.640000000003
cdb30d1e,42296.4
05875839,20969.28
733ecf19,4962.96
cc4daba8,39055.68000000001
27f62da7,21894.480000000003
f5b209f5,21553.92
8290afea,20773.44
c39f57bf,21981.600000000002
a44681fa,22492.08
e9e0b401,14267.519999999999
ec41f951,22435.92
f4a7b26d,21970.08
90b49d38,10658.880000000001
4da9485b,53120.880000000005
70e0e714,39477.600000000006
5553fb55,53738.63999999999
ccbbb072,2462.3999999999996
4cf9f306,39455.28
9929e83f,33667.92
eaaaa40b,36863.28
2e6c6926,87264.0
e6276fd7,2772.0
6343b7e1,42864.48
7ab1ddfe,42202.08
51e44a5d,38784.24
5331ae05,367.91999999999996
b90d09c4,1039.68
e0f99624,1641.6000000000001
72ec3d8e,24968.88
d3da4a85,7936.560000000001
5ea5fad6,4948.5599999999995
a694e307,1820.88
f28fb162,20707.199999999997
f6770663,27082.799999999996
e300a976,23636.16
f0b04180,23183.279999999995
57707320,10194.48
b824f689,33709.68000000001
e4c69027,54156.96
59f1909d,34293.600000000006
f6e58b61,24186.96
c9928151,51552.0
e1511eec,33027.84
7458835c,37019.520000000004
7f414011,3416.4000000000005
01ad42c9,22354.559999999998
febb0471,34217.28
b95bf2dc,1380.96
5222b9c6,61092.72000000001
e25062e5,468.0
68ae92a9,21233.519999999997
bb6dbd87,52308.719999999994
2c953a4d,51215.759999999995
c0120290,15129.36
32aece00,83590.20000000003
077f15b9,21781.44
ca7cb4c8,31171.68
f46db2ab,30079.44
e5cc9456,25453.439999999995
e33c8093,37251.36
c4b2ae94,2408.4
37a40e68,15927.12
5136ac55,31866.48
8edc7a8c,43919.28
e7f70e60,5124.24
d8210922,1.44
aef8e6a9,5298.48
75a224fb,28214.640000000007
7c4eaa7a,40314.96000000001
a3f6a75e,24094.08
a44d3700,20590.559999999998
29fd9c68,52149.6
1cfe4e9a,5112.720000000001
2116eda4,10819.44
7dda8201,30321.36
ea28ce53,64040.4
7f81451c,25129.44
786794b9,15189.840000000004
3c622d04,53750.16
a667b913,990540.0
497400cc,16361.279999999999
e262b22b,9151.2
ca2d9da3,34683.84
c9ca6aba,12407.76
0eba7488,24084.72
f9080188,21160.8
eaa1c764,2387.5199999999995
da5ecfbb,33336.72
d9a8ea77,28918.8
e2aa804d,50562.0
d69d4b99,15240.960000000001
a041020b,35714.16
1cd622b7,28298.160000000003
8a230d2e,6665.039999999999
bd60bb4c,5133.6
8ec6db8e,5740.56
ee6972d9,51954.48000000001
7bae5ad2,28707.840000000004
c079cdf6,35184.240000000005
e6acd70a,19930.32
e1ca7c33,395.28
85095a24,30137.759999999995
7a63bbcc,24050.159999999996
c1daa6e2,17391.6
ca1e6207,18322.560000000005
6f0b9719,37983.6
95e17c21,46926.0
5df64f85,12612.96
ae1ea8da,18101.520000000004
f94fb328,5006.88
c3d56bfd,7482.24
e973aa60,10374.48
1e2e7995,16696.800000000003
36877c7e,9408.24
184b9bb0,19580.4
c3306e40,10936.8
0d17442a,5702.4
f47e8b5f,17328.96
3ffd2213,416.87999999999994
1c9b1627,25417.44
2b3ec177,55632.240000000005
a0dcf8a2,26999.280000000006
c1c737a3,30322.800000000007
79369cb9,46346.4
ac9050d1,26515.44
f45ca55a,16169.759999999998
3493e819,4010.3999999999996
5454f9e5,43335.35999999999
99e2b37f,48004.560000000005
d1a5b18e,5237.280000000001
e2a5c349,19557.359999999997
d2f1b788,16856.64
4e5ed9a7,27723.6
07113cfc,20970.72
43877c42,27680.399999999994
b7a99d78,39548.16
6b166770,9654.48
fb8dd8f7,39426.479999999996
6d7886ec,6391.439999999998
7e97ab5e,12050.639999999998
214f731b,18794.88
6b9481d2,660.96
11a0fd50,24661.440000000002
1d4c181c,66176.64
17dc4235,52139.520000000004
9b52edff,52025.04000000001
ee9483ae,21569.04
dfdce8fc,1158.48
34b76729,18783.36
d8a0f7fa,12118.319999999998
85f2b390,15384.24
5004a45a,53529.12
f1e074bd,40098.96
75171036,46480.32
d3deed70,20609.28
846eaa9f,39830.4
a134891e,1251.3600000000001
7a37b626,717.84
8e722e27,8433.359999999999
88bd316d,37488.96
32510142,26287.19999999999
603c297e,8980.56
9c085b21,1782.0000000000002
531a3cbe,38355.12
af935dce,23834.880000000005
7e3fcf7c,3267.3599999999997
93fb4c31,2388.9599999999996
3e79d5cd,47213.28
b688714a,34801.92
8550496e,33976.799999999996
833087ff,22158.0
292586b4,831.5999999999999
1f5e1b8d,12038.4
7411723a,117360.71999999997
9c7a9b55,74922.48
f6cb5cda,47157.119999999995
358275db,28990.8
8b8b1128,11261.52
bb324dcd,13745.52
a67c1d6a,40276.8
c15f1189,39317.759999999995
7c0df115,33662.88
c607c59b,30785.039999999994
ca9817ad,32174.640000000003
fe6a402a,56997.36
1ff5a178,13119.840000000004
8958a843,19499.76
59ebe8e8,34381.44
617d7107,36964.799999999996
2391eca1,46087.92
ed432471,7396.560000000001
9c0cb2cd,7220.88
1437420d,42179.759999999995
ae64ea2b,6248.160000000001
d4f1b13c,11584.8
b751b609,34269.119999999995
2d421cd9,50770.799999999996
8ac40075,20889.36
f66ebd56,34938.72
882aac42,20651.760000000002
ce45f550,29681.280000000006
d152c1f5,31082.400000000005
d4cc5f10,34042.32000000001
c7ea0809,19640.88
4c5c2ea6,10915.92
15a6bb40,66692.16
b78000f4,248.39999999999998
62631723,23715.36
6ccada70,38763.36
897f634e,19347.12
df09fd25,25341.120000000003
094bc70f,46288.08000000001
2ea68d97,23302.079999999998
ff9359eb,46509.84
be4a3b32,44457.119999999995
601563f1,37342.8
9e05480a,11947.680000000002
da557fba,17977.68
566149ad,17895.600000000002
7d947b5d,27765.359999999997
686b7033,204973.2
a213f8cc,58771.439999999995
613fcccf,23189.759999999995
4c0f031e,16790.400000000005
a6bf19a4,48772.8
f1054e0b,31157.27999999999
8479f7fa,22923.36
2d06cd6c,59736.240000000005
c4872f7b,94081.68
011b62ae,43670.159999999996
c2004cf1,63887.75999999999
a7e42159,69687.36000000002
fdb97853,7709.040000000001
037a1c1d,63854.640000000014
79921bfa,36176.40000000001
4c6b7992,44730.72
ab357d10,23020.56
8cc0e7cd,45918.72
87584e91,44346.96000000001
9b1afce8,49700.16
394c37a0,43192.08
3aca6933,54381.6
1f412b2b,22094.640000000003
3a939d56,64913.76
435a6cdf,29140.559999999998
2efa7905,30072.96
3a207d9c,6650.64
aa1501ea,51634.8
210b26e5,1125.3600000000001
6ba71c46,3840.4800000000005
87f9f2ca,34763.76
c86cf62a,37922.4
986c79de,44940.240000000005
c0f6a9c9,29853.36
ef3831aa,35161.2
0a88a0d5,21143.519999999997
8ed8ba80,30270.240000000005
518ce85d,14549.039999999997
c39cbd25,4456.08
5aa99143,19595.52
cab73d89,6357.5999999999985
9e6ddd33,28854.719999999994
82c5d0a8,28307.519999999997
5525fc6a,17231.04
88546433,20624.4
6d19c0cf,22217.760000000002
93d836e6,36008.64
10e3e7ae,36140.399999999994
7b7619a1,21720.960000000003
c19d4b43,26547.120000000003
3ad301e0,27461.520000000004
95d034f3,24626.16
b66b3205,12718.080000000002
774cfaa4,4413.6
22714d69,14455.800000000001
6e96b7ff,39404.87999999999
c1eb9824,44928.0
cb0c05f0,35357.04
b6193b92,25202.16
ffc863d0,38037.6
b676efac,45134.63999999999
1d4bb033,26996.4
474ca58d,49167.35999999999
e293667c,22785.12
3aa0e108,3598.5599999999995
153f375f,21021.84
115fd2c9,22857.840000000004
6948862f,28684.8
7bc629d0,35360.64
3973bc83,6391.4400000000005
b21d3298,8254.800000000001
660de199,33704.64
0aa93483,50521.67999999999
72b649c7,21188.880000000005
758cb09f,36510.479999999996
4e878ede,21558.96
59f503f1,44050.31999999999
10712afc,31800.24
7e02dac3,36590.4
a4702e52,36691.920000000006
e62c4c57,63331.200000000004
8e99b089,29472.48
bd639dea,18211.68
4f1f443a,26946.719999999998
cfd5b483,2036.8799999999997
65968703,36642.96
160438f8,42882.479999999996
7f6f3cfd,5181.120000000001
4a43c4ce,32795.27999999999
85d28dd5,23690.160000000003
17f68987,41557.67999999999
6d4e7cdf,19692.719999999998
03b7981c,8079.120000000001
7a3e3ad5,15143.759999999998
0f10ffec,8819.999999999998
0ce573c4,21562.56
b20db08a,18073.44
15a2f287,6366.24
c25f22d8,18457.199999999997
bdb57099,11419.920000000002
c698fe89,13471.920000000002
ce66249d,4374.000000000001
a8494ceb,18218.159999999996
5a302b9c,115550.64
4625cf76,46886.40000000001
2ab0bb0e,38029.68
9f6e5ed0,24781.68
79200c1c,30988.799999999996
57f4df3c,43228.08
55200a41,39456.72
9ced08a4,23047.199999999997
822cfc6b,39368.880000000005
a0eeda2e,28145.520000000004
5a669f44,34131.600000000006
d169535c,19448.64
4a8f3a3c,29274.479999999996
a0716809,658.0799999999999
5f00f92e,44884.799999999996
e7958187,40055.76
9ae911eb,27613.44
8b55127f,573.12
fbeac283,1761.12
b0ee8113,339.12
1479df15,80890.56
9884ab77,51771.59999999999
5fdb095f,25479.36
02348603,59708.880000000005
7354f0a2,39876.479999999996
7909d906,35960.4
fa44068c,7392.240000000001
406053cb,2661.84
40ecee37,23846.4
c38f260e,23390.64
b9005911,38069.27999999999
ba087c05,22043.52
0d26bfac,42780.96000000001
1fc5dbd9,45923.04000000001
c52d4279,30780.000000000007
0e038687,15562.800000000003
0115d53c,31706.640000000003
d82f91ec,44999.28
0550e017,7497.36
200e6ed6,45917.27999999999
1dc84b16,17200.8
b2d8255c,40005.36
13352f31,44229.600000000006
d296d4da,18906.48
14010bbb,14896.080000000002
b5e1738c,14952.239999999998
918fa485,31695.120000000003
d904236d,24490.08
fcadb8ad,36005.04000000001
22644541,39479.759999999995
6c51c891,90412.56
8dfc67a0,658.08
92469833,56652.48000000001
95f55d4b,13135.68
1a173faf,272.16
a11e144f,414.00000000000006
dcce3de2,17794.800000000003
9b1a27b3,36996.479999999996
5c3b1b7e,80129.51999999999
e485f07f,5557.68
14af8eed,22726.08
9dbd3a08,29638.800000000003
de5c89bb,27889.199999999997
a128facc,20086.559999999998
b597083f,12621.599999999997
c788f42f,41986.08
9ced6486,28181.519999999997
9dced951,27002.879999999997
8823eb0d,34248.96
38cdf6ad,33014.88
48b477cc,168.48000000000002
27c91189,15936.48
53ed56da,97219.44
89d347e4,32120.64
4f843d32,44558.64000000001
7e1e43aa,30878.64
19f680ac,25866.719999999998
b6fd326d,12718.079999999998
c4d5a6c6,26843.039999999997
0bd18449,40822.560000000005
384eaea9,694.0799999999999
5371d6d3,4831.200000000001
9dbd6ea9,101164.31999999999
16f9c810,23397.12
c78b18b0,15891.119999999997
1e9eec8c,24334.559999999998
0b0252d3,48983.04
16fe011f,34886.880000000005
1762b9f4,46426.32
28812a98,40414.31999999999
fc1b5469,4348.08
7967213e,46030.31999999999
3553b649,39754.8
1079492f,23471.280000000002
f186ad56,23885.28
387edadb,20333.52
9a3e6e9b,4518.0
c66f4d30,8916.480000000001
e2dbfc2e,17902.800000000003
7acd9daf,35143.92
b254bbed,25584.48
a05fa214,19584.0
c1b4779d,49446.00000000001
01739e86,9839.519999999999
6e2a7256,56786.4
e05f3399,33156.0
c39447ce,3395.5200000000004
a3f7d4aa,11136.960000000001
77d97024,14087.52
9b34a8d5,141562.8
90aa2f1f,25257.600000000006
f19ab4db,7668.0
60f843af,17732.88
f01bec13,3677.7600000000007
e1e6425e,6485.760000000001
4924681c,367320.6
76ef0e45,2530.0799999999995
030d2c35,1080.0
fc049a8a,132701.4
fbd3ee7a,83619.0
82552514,29769.84
e7f21401,26589.600000000002
1cd8f424,51127.200000000004
b0b27090,58308.48
f5ead1b7,27532.08
99e373b7,23189.039999999997
18693577,23016.96
9a727b2c,24161.04
f6f00f56,25430.399999999998
1bffb160,1116.72
dd7a6ff9,2210.3999999999996
34674945,17765.28
33213358,53170.56
ad42750b,31837.680000000004
f5d45715,18884.88
7ae98170,13862.880000000005
79ae4221,32731.199999999997
7738b72c,21854.16
ece69b1a,18897.119999999995
9476602c,5137.2
a94ee01a,45260.64
68071e40,132154.56
5ee62027,590.4000000000001
84778843,61914.240000000005
2b98842d,676.8000000000001
9b93ad8a,39715.91999999999
6e59b197,22885.2
2cd672a9,42878.880000000005
a0154d9f,36875.520000000004
279744e1,29259.36
f4f6c7a9,22142.879999999994
9f134f96,31168.079999999998
9f004b52,29018.159999999996
6b8168ed,22099.68
b31f0fa6,30026.879999999997
9dc23a4c,35979.12
db649dd8,42017.04000000001
ae8fbe1a,64041.84
e19473d4,21912.480000000003
1cb5e55c,168562.80000000002
c41281ea,31.679999999999996
12ef5297,46993.67999999999
e9e730a3,25457.04
1d669e32,40916.16
a7e4d527,29489.039999999997
07d61836,24835.68
3f4fabe1,32978.15999999999
eae21ec3,5913.360000000001
45e0fdb6,210.24
5b4f74ab,45747.36
5a6a1eb3,4096.08
75492bf4,11427.119999999999
d1b7713a,77809.68000000001
4bd30a27,26560.799999999996
0c53173f,40373.28
670f6f2b,34093.44
d4b9b463,1167.1200000000003
6bb8a6cb,52831.44000000002
5d72d443,38477.52
8004dae4,29021.04
5027386e,17838.0
090f6bb8,37901.52
23692a1d,58880.16
7a658949,8615.52
cce00985,20826.0
da268ad9,29184.479999999996
9a8df853,46553.759999999995
99602b44,179303.40000000002
17ea68d5,608.3999999999999
f3c2351c,44575.92
000f9800,34978.32
ede015b2,29142.72
45960668,40425.12
7b24bd15,25917.839999999997
08b46c7e,4744.08
3424f592,38217.6
11854c60,30034.08
1f1ecb8e,1959.12
7640fbe7,25292.88
21807810,22309.92
e0c5c380,44791.91999999999
cf38fd83,56400.47999999999
a6086dcc,281.15999999999997
d6ab5216,5290.56
94183e5a,18944.64
c7e4fa2d,32694.480000000003
2ee85eb6,27198.719999999994
d684e514,6299.280000000001
a23df0a9,92245.68000000001
5e270896,247291.92000000004
0dc60600,7197.839999999999
db8f3a0a,73757.52
c28295e3,321228.0
a3410981,46960.56
cac271a4,36587.520000000004
a3a1f36a,18758.159999999996
69dd9cba,27755.280000000002
6e482ad9,14736.96
7e9bb058,14276.88
68d1cce7,35422.560000000005
23ce1467,43137.35999999999
cdbd877c,27721.440000000002
490c4892,40708.8
cd54b644,22499.279999999995
4b4dbb59,24724.799999999996
930f0363,12569.04
4b4fa1d1,31658.4
9162c318,20296.8
15ef793b,30502.079999999994
22199087,24655.680000000008
4b15fecf,27558.719999999998
bd9728ad,76878.72
c70c0801,36210.240000000005
60385720,58299.84
3b25dc79,87199.20000000001
e58f85b4,27074.160000000003
78483e23,89416.79999999999
80a8bc34,4934.88
949603c4,11779.920000000002
2c98db11,1656.7199999999998
4303c255,31399.2
05cce9b0,9040.32
cd30d7d0,318.96
bf9641e9,1035.36
1dea48f3,38814.479999999996
8d78c5bb,26408.160000000003
7a32ca7c,25482.239999999998
de2d8f88,13657.68
6ed2b515,2309.76
c8763481,30672.0
53a2b2c5,28915.199999999993
d1696d45,31389.840000000004
2bafea0b,34804.08
f0c18dfb,27982.080000000005
34ad6a86,24699.6
ae0676b9,29437.199999999997
aa4cbb85,19901.52
5f29af8c,37947.6
d4b68446,182439.0
630d0f3a,45437.03999999999
876921d6,48940.56
6234f7ab,19279.440000000002
e5c70003,4494.24
34394bbf,11837.52
e9a8672c,509.76
c30a5498,31549.680000000004
446a609a,25511.759999999995
aff8781b,44377.200000000004
eff24649,37256.4
7e634f07,47072.880000000005
12c2a089,47530.8
d9643933,8379.36
4f5f92b1,46506.95999999999
c2dc21cf,26184.24
afad112d,13166.640000000001
13253b7b,44998.56
67ada4ff,60119.28
a5a3cef3,28468.08
a08d3d71,30851.27999999999
edd1d610,38765.520000000004
91e126d5,531.3599999999999
985cad1c,59262.479999999996
7e4d93e7,925.2000000000002
3b94ca9b,18394.559999999998
ed3760f4,10419.84
88bb0c89,119728.79999999999
f6469a5f,42950.16
6b26ed85,408.23999999999995
70802699,2954.16
ca500fda,54584.63999999999
f9d8e2f6,8630.640000000001
cbba0e1e,198.71999999999997
091b2d71,843.8400000000001
90017761,288338.4
0281f7d0,57170.87999999998
e46d70c9,35527.68
6c4a0ea4,19817.999999999996
d455bd91,34500.240000000005
05457a47,287.99999999999994
be6bbec0,26922.24
836e6f91,17100.0
b464d180,55211.04
d2fe72ba,41165.28
bf6ae085,36682.56
0b716753,36074.88
27825507,1415.5200000000002
faa0191e,9973.439999999999
63fa5753,2196.72
d34061f6,1146.96
21222f5d,38193.84000000001
d9af019a,38995.92000000001
f29ef738,28789.92
e6ef1d99,65517.119999999995
a344c9ef,4355.280000000001
872bf5cc,28721.52
387b6b66,23953.68
c34193b3,77220.0
8d99bc67,1656.0
e5c0c670,22521.600000000002
fa211937,35997.12
44e97c5d,39342.24
021fab48,28537.2
5a95bdc9,42388.56
6378e425,33649.2
cffec1e7,36081.35999999999
c352db3c,25165.440000000002
1659f5e9,6906.959999999999
5bcb5e86,24134.4
50a1f197,9635.04
eae5be45,23366.88
ac2bb4a4,6631.920000000001
d28d76e5,2826.7200000000003
f0b65f84,18566.640000000003
93c26e43,14897.520000000002
4b2ee106,5227.2
54bea91f,1758.9599999999996
bded86e3,8273.519999999999
3712e836,90277.20000000001
1b07629a,22615.2
5c923fc0,37752.48
07eecbc7,10955.52
42fe2ff7,41804.63999999999
8c7b2b80,43381.44
5ee1bd4c,23905.44
b953103e,99376.56000000001
7621d041,171.35999999999999
25414a19,48556.08
caf7015b,62201.52
ac39a94f,47512.80000000001
fdd2877f,41505.12
1b56dcac,0.72
a75cd7ab,28062.72
037cb162,12340.080000000002
3dd964c5,55456.56
4c050220,39929.76000000001
e33ea4cb,2321136.0
0c918e45,11701.799999999997
c752a5b9,29938.320000000003
c54780e7,42490.8
5368de4f,21265.92
e752d4c4,22855.680000000004
6ad3bd9b,25261.92
e70ae897,30082.32000000001
0c817270,19812.24
79903f8a,36612.719999999994
8d64621b,33797.51999999999
71fb1143,29808.0
938b258c,30445.200000000004
27010188,35413.92
08d7007b,514.0799999999999
352fd155,5540.4
f1c9c2c5,23947.2
9329b9e3,28762.559999999994
6740172d,6243.12
d4efff0f,26068.319999999996
8f04f8a9,32681.519999999997
d461c72d,24739.2
a8912a29,19824.48
8d4fcb82,27287.28
9e75581a,25164.000000000007
a862de8e,27524.88
10fd8c09,41428.80000000001
20462a45,23824.08
10cea857,17251.199999999997
7ab29bfc,30241.440000000002
cd320d7c,27510.48
b8b132aa,1072.08
90dff1b6,20038.32
d6c9d77e,36476.64
a2fd4546,32828.399999999994
a79abf28,34827.119999999995
b0086a50,13705.919999999998
271600db,11579.759999999998
5549e6c4,43369.92
28a35902,12566.880000000003
71a59df2,57572.64
92e6eb06,34855.92
55042b04,34317.36
26e3dcfb,36077.04
6c732e82,29399.039999999994
76bb2a2d,36911.52
f115e864,7473.600000000002
eb9d25b4,4981.680000000001
eef0f580,4168.08
dbc82d25,30476.880000000005
c1a02033,33348.96
c06a5e03,39098.880000000005
ee88b8e8,44597.520000000004
3a143dd6,55866.23999999999
1b9d68f4,46079.28
f948bdda,14250.24
6b05bbd8,17406.0
4baa6c76,28327.68
be29ee67,6185.52
36888807,23736.24
2d9900f6,52712.64
7493dc5f,15654.24
d0291301,32189.760000000002
261c5a2b,40680.0
22711318,8144.639999999999
493774ae,18311.760000000002
b5b28754,81593.27999999998
c733fc46,30900.960000000003
d0ce8dbf,1758.2399999999998
5a02a148,238248.0
f3c12e21,59250.95999999999
576113d1,50351.03999999999
8f97fa01,36507.600000000006
2ee4e581,19098.719999999998
4122d9f4,28720.799999999996
ab0fc359,35811.36
431d7a50,11304.72
16ede0e0,6090.48
9d8aa07c,51133.679999999986
4762e8b8,28699.920000000002
970be326,77716.07999999999
d4851335,2756.879999999999
3e7180ec,34282.799999999996
d2909ef4,11792.880000000003
84cc7cf7,10122.48
ab623f72,48852.72
433a6e3c,1569.6000000000001
f4cab9ee,59042.88
952d201f,41802.48000000001
09672afc,28797.12
de086109,50257.439999999995
98e02e20,45460.79999999999
a376ea65,18975.6
b01ad06d,21841.200000000004
3ce825fa,21373.920000000006
317c1cf6,19595.520000000004
b33aac5b,23765.759999999995
09f44226,22731.84
2b0ff9a7,27743.76
c555034f,7616.160000000001
13390f64,85675.68
f5e223f4,34676.64
1fb1fe9e,222930.0
b293ea40,702.72
cd0fbfeb,42.48
5d56ee0e,73071.36
6e13a27e,35126.64
faa3185b,49716.0
b6657162,46602.0
ef719b7b,30944.160000000003
1592d944,32680.799999999996
1e4a9101,15062.400000000001
0c7439bb,13862.880000000003
5a9a0725,22423.680000000004
8dccfa94,104145.11999999998
8a20f835,2692.08
a0c9358c,52922.16
85fd0df4,58114.8
97330d0b,74001.6
0c292f3f,44340.479999999996
8ce135e6,113374.79999999999
794bea20,54909.36
b7e0de98,65026.8
e4ff4c27,82163.52000000002
cb4dafeb,8398.08
63e09de4,21082.32
4f9ecc8e,18737.28
ac287a46,32341.680000000008
4a1d9c16,24176.879999999994
65f4c152,23651.28
1678f533,8629.920000000002
721bd51e,11090.880000000001
f3997519,8037.360000000001
a9513ad8,44180.64
b043b404,28848.23999999999
ff503456,17798.4
c607958d,39517.920000000006
18a4c535,55733.75999999999
032d56e8,11633.04
4efeabd1,79705.80000000002
fbf79b1c,29402.64
9d2965a5,16633.44
c4edf059,107462.15999999999
13e40020,23773.68
b4b47157,57028.32
85bc29cd,29482.560000000005
2bbe24c8,21586.32
15b249b8,26905.68
e5aa4dac,28296.719999999994
3ade6784,23551.92
1f2792e4,22019.04
616e6e3d,55242.000000000015
89e35e7f,551.52
c0e3bb77,1510.56
8fb3b8d9,18362.16
d719b0dd,23271.119999999995
5257c2fd,55007.28
9283dd50,20.88
43e8105b,40703.04
1bafccb7,292.32
7fd01e6b,34734.96
a64a4bff,25205.04
9e952b96,18034.559999999998
e2379c90,33801.84
0972065c,24136.560000000005
d00b83fb,29953.44
676ecfbe,1215.3599999999997
eb428c0d,41077.44
c1363c49,29574.72
e29aa5d2,44673.119999999995
37598945,19227.6
efae6269,18529.2
8056a5f9,257397.83999999997
f6a921bd,1899.3600000000001
a1c94a9a,17640.72
5796da4a,9148.320000000002
7e57506b,4645.4400000000005
eb4bec9e,221.75999999999993
2483c3e8,442.08000000000004
340f2a51,798429.6000000001
b1b3441c,31810.320000000003
12cc4c74,1731.6
3a12c784,45696.240000000005
7ad8873b,75335.76000000001
ee8060ce,43953.84
18b1b16a,3779.28
d45704dc,29994.48
c096c366,73675.44
ee656f59,1697.0400000000002
bf2b8838,47877.119999999995
72447ae9,41337.36000000001
27ed6c70,6764.4000000000015
60168f5e,25872.48
1c7c0bb6,51332.399999999994
5aeba337,28879.92
30bd4dc9,28913.04
9a965f92,29438.640000000003
1d7fed4d,28764.0
0a93953a,33204.240000000005
1b08076c,33746.4
d03f6593,39560.4
94c7ce4e,31291.92
e9342c09,4736.88
531ff2da,26423.27999999999
6cf814fe,53273.520000000004
55fea405,61362.0
dccd9585,25921.44
5fb44a07,50592.24
d1d314f9,119043.0
ee3b3529,40454.64000000001
62c957d5,12471.12
dae69df4,64477.43999999999
7aad5faf,550.8
b73f5e5f,308.15999999999997
da6a3bcc,0.72
a5e575e3,26094.960000000006
419ec0e9,26218.079999999998
a13cabde,14402.16
fd2a2b1f,9148.32
55aa907f,11203.92
6897838d,30625.200000000004
d630d15b,8963.279999999999
93225457,59632.560000000005
ac172315,216.71999999999997
45e042e3,2326.32
26eee719,33293.520000000004
6476b63f,37083.59999999999
565532b7,3307.6799999999994
be7f6a6e,35155.44
ae86674a,1303.2
364dbeb4,595872.0
08054570,184266.0
e1936565,21088.08
4f2da48d,6544.08
a66e2bb9,12119.039999999999
857187d1,12898.080000000002
42c808ae,7673.040000000001
b17cc7e4,102326.4
e2294153,12557.52
8735c91c,925.9200000000001
76bd57ed,6962.399999999999
2791eeea,39607.2
d2dc2d30,53760.95999999999
c6d5e0fb,16971.84
aa6796d2,29176.559999999998
2bfdcab9,39903.84
fd8e3f4e,8643.599999999999
38e6290c,19062.0
20c9e086,21871.44
57c42b22,17905.68
5bad2fb1,10660.32
05f18366,28075.68
34d3e66b,4194.0
a856848e,24084.0
df316b18,9775.439999999999
2742c4e0,372.96000000000004
87559153,15209.28
3a7ff0cf,32168.160000000003
065bdc89,40524.479999999996
174c12d4,20716.559999999998
132cdedc,20646.72
74527818,101943.35999999999
9a2d7c19,25755.840000000004
319542af,43612.560000000005
060963d4,5587.92
eae7bb11,28567.440000000002
6b479aa2,22768.56
e8ddb545,37597.68
e02f17dc,5091.84
0e56f467,51202.08
868a5672,48169.44
e7f041f6,36699.84
a67d83c2,57993.11999999999
2e523f9d,38682.0
880b4252,2823.84
030a3c7d,571.68
ddb6b219,7714.08
0be2e283,7051.68
f26ad62b,26857.440000000002
e73af110,7279.200000000001
ec48888d,23053.679999999997
4a8c3b3b,1386.0
1167db3e,41087.52
a8a9d26f,32497.199999999997
9e1e0f8d,26627.04
06d139f2,39571.2
c93ab897,44732.88
7b1bad41,13319.280000000002
a05ab312,86712.48000000001
81cf9307,44765.28
8646a43e,32222.879999999997
36d0f7ca,40598.64000000001
08fc6dd7,28154.879999999997
c2b75b95,47564.64
99be6d10,1228.32
c4392b1a,24791.04
cf400449,7542.0
bce19efa,35944.56
60eea8fb,17852.4
f3ddaecc,16210.800000000001
a821742c,5780.160000000001
2b48d02a,59693.04
dbfe56b1,11543.039999999997
82866957,10563.119999999999
67b409d0,44408.16
d27d6351,49587.119999999995
1ef638e2,41837.76
47f39c96,36497.520000000004
e7ccb70b,27131.759999999995
63dcb164,37553.03999999999
6c0c6b0d,27568.8
9d28a481,13309.2
6aea5518,17006.4
40c23582,4330.08
8bfab466,96939.0
dfc51856,62597.51999999999
d62923e3,8315.279999999999
b3b37f3a,53307.36
91c19bd4,1296.0
ebcef0c6,29421.359999999997
8ade1565,2601.36
7e7bd226,12162.960000000003
85dbffec,4656.24
4d0028b0,29438.64
4948fbd1,26024.4
326568d8,7753.680000000001
47a0119a,42412.31999999999
0e59ff64,411.84
667f0cc9,56399.03999999999
2376bb94,5982.48
86d40df6,27132.479999999996
2970bbfb,38039.03999999999
475593d3,44274.240000000005
2fc5211c,37743.84
6f2537b7,193536.0
2b9c8ef0,38705.759999999995
ba6baa55,24985.44
e136a2a0,27556.559999999998
8936d336,29576.159999999996
f1e03dd0,37784.16
4b5008fe,5304.960000000001
3cbcce45,39376.8
baa928b2,41524.56
3df91135,3324.9600000000005
bb5716d1,24499.44
c76be4f9,53103.6
fe31257f,28661.759999999995
a32acb6f,19547.28
554c54ea,21193.199999999997
655469d1,54928.08
ecbc370d,56540.16
9dd3262d,29772.72
3ca5c7e2,31564.079999999994
874c5363,31800.960000000003
60667a95,25438.320000000003
0b3ca9ec,39815.27999999999
614e370c,36750.96
89bd41eb,36380.88
24c1b302,28406.880000000005
546277af,12737.519999999999
fe7015c0,17643.6
333ad62a,28695.599999999995
478eaec0,33156.72
74d1f28f,28951.200000000004
4de2d3bd,20100.239999999998
63552117,31110.48
d5ccbe85,28658.159999999996
ce30fcad,24086.880000000005
6ecd747c,27605.52
fb460a6b,14238.0
d25b64ca,6179.760000000001
43e43fca,67481.28
0fc38874,104141.52000000002
eb13e651,66789.36
6981379f,1136.1599999999999
084d9c81,33368.4
